Time,V_PW,V_RW,V_PGW,V_GW,V_BW,c_PW,c_RW,c_PGW,c_GW,c_BW,C_battery_charge,E_use_renewable,E_use_grid,Q_ROPW,Q_MBRGW,Q_MBRBW,Q_ROGWBW,c_infil,Q_infil,c_infil_avg,V_infil,Q_RW_infil,Q_GW_infil,Q_BW_infil,c_sewer,Q_sewer,c_sewer_avg,V_sewer,Q_RW_sewer,Q_GW_sewer,Q_BW_sewer,c_truck_avg,V_truck,Q_GW_empty,Q_BW_empty,n_GW_empty,n_BW_empty,Q_reuse,Q_refill,n_refill,Q_GW_prod,Q_BW_prod,Q_RW_out_all,Q_RW_use,Q_rain,Q_CW_use,Q_PW_use,Q_PGW_use,Water_balance,Pollutant_balance,Water_error,Pollutant_error
2014-01-01T00:11:17.889+01:00,0,2.25,0.996886086152108,0.00300470183668716,0.00311391384789177,0,70,70,250.29636551046,127.315265320048,1.99930801914491,0.000275511105119061,0,0,0,0,0,0,0,0,0,0,0,0,0,0,0,0,0,0,0,0,0,0,0,0,0,0,0,0,0.00132626436249526,0.00137755552559531,0,0,0,0.00132626436249526,0,0.00137755552559531,-4.27175655959289e-17,-1.96023752785379e-14,-4.27175655959289e-17,-1.96023752785379e-14
2014-01-01T00:37:35.778+01:00,0,2.25,0.995867333423214,0.00397879308748579,0.00413266657678592,0,70,70,249.30836551144,131.523737268198,1.9990816296496,0.000203750545778829,0,0,0,0,0,0,0,0,0,0,0,0,0,0,0,0,0,0,0,0,0,0,0,0,0,0,0,0,0.000974091250798627,0.00101875272889415,0,0,0,0.000974091250798627,0,0.00101875272889415,-1.06251812903579e-17,-1.66394675815695e-14,3.20923843055709e-17,2.96290769696839e-15
2014-01-01T01:03:53.667+01:00,0,2.25,0.995192171805184,0.00459789770219367,0.00480782819481635,0,70,70,248.289613383849,136.859628963817,1.99893159373449,0.000135032323606086,0,0,0,0,0,0,0,0,0,0,0,0,0,0,0,0,0,0,0,0,0,0,0,0,0,0,0,0,0.000619104614707881,0.000675161618030431,0,0,0,0.000619104614707881,0,0.000675161618030431,-5.74627151417317e-17,-1.96370697480575e-14,-4.68375338513738e-17,-2.99760216648792e-15
2014-01-01T01:30:11.556+01:00,0,2.25,0.994840267773484,0.00486501118656959,0.00515973222651637,0,70,70,247.786682518576,143.755898446272,1.99885339283855,7.03808063400047e-05,0,0,0,0,0,0,0,0,0,0,0,0,0,0,0,0,0,0,0,0,0,0,0,0,0,0,0,0,0.000267113484375922,0.000351904031700023,0,0,0,0.000267113484375922,0,0.000351904031700023,-3.49113099540332e-17,-3.22519788653608e-14,2.25514051876985e-17,-1.26149091173033e-14
2014-01-01T01:56:29.445+01:00,0,2.25,0.994652145326118,0.00492368290753752,0.00534785467388233,0,70,70,247.615018272427,151.448964106953,1.99881158785025,3.76244894731911e-05,0,0,0,0,0,0,0,0,0,0,0,0,0,0,0,0,0,0,0,0,0,0,0,0,0,0,0,0,5.86717209679362e-05,0.000188122447365956,0,0,0,5.86717209679362e-05,0,0.000188122447365956,-2.16840434497101e-19,-7.74380559676047e-15,3.46944695195361e-17,2.45081732686003e-14
2014-01-01T02:22:47.334+01:00,0,2.25,0.994546220690288,0.00492368590359809,0.00545377864033612,0,70,70,247.615044706688,159.578039530163,1.99878804904229,2.11849271658726e-05,0,0,0,0,0,0,0,0,0,0,0,0,0,0,0,0,0,0,0,0,0,0,0,0,0,0,0,0,2.996060569e-09,0.000105923966453785,0,0,0,2.326684991e-09,0,0.000105924635829363,5.85469173142172e-18,-1.11022302462516e-14,6.07153216591882e-18,-3.3584246494911e-15
2014-01-01T02:49:05.223+01:00,0,2.25,0.99436813050833,0.00496058576188961,0.00563186882229443,0,70,70,247.66457593665,166.469670444064,1.9987484734463,3.56180363916637e-05,0,0,0,0,0,0,0,0,0,0,0,0,0,0,0,0,0,0,0,0,0,0,0,0,0,0,0,0,3.6899858291512e-05,0.000178090181958318,0,0,0,3.6899858291512e-05,0,0.000178090181958318,4.40186082029115e-17,-2.73808753448179e-14,3.81639164714898e-17,-1.62786450985664e-14
2014-01-01T03:15:23.112+01:00,0,2.25,0.994171079733524,0.00501767905565625,0.00582708924902292,0,70,70,247.793386680854,172.709687538887,1.99870468438523,3.94101549611961e-05,0,0,0,0,0,0,0,0,0,0,0,0,0,0,0,0,0,0,0,0,0,0,0,0,0,0,0,0,5.70932937666444e-05,0.000195220426728491,0,0,0,5.52629456891548e-05,0,0.00019705077480598,9.34582272682505e-17,-3.68455266297474e-14,4.9439619065339e-17,-9.46465128492946e-15
2014-01-01T03:41:41.001+01:00,0,2.25,0.994002824311795,0.00507292291366507,0.00599287500989143,0,70,70,247.975828125415,178.955490488545,1.99866729429151,3.36510843457702e-05,0,0,0,0,0,0,0,0,0,0,0,0,0,0,0,0,0,0,0,0,0,0,0,0,0,0,0,0,5.52438580088249e-05,0.000165785760868508,0,0,0,5.27741971484817e-05,0,0.000168255421728851,6.74373751285984e-17,-3.39034356144907e-14,-2.60208521396521e-17,2.94209101525666e-15
2014-01-01T04:07:58.890+01:00,0,2.25,0.993841158873609,0.00518976424262815,0.00615454044807785,0,70,70,248.0776091754,184.925192896251,1.99863136863858,3.23330876372827e-05,0,0,0,0,0,0,0,0,0,0,0,0,0,0,0,0,0,0,0,0,0,0,0,0,0,0,0,0,0.000116841328963079,0.000161665438186413,0,0,0,0.000116841328963079,0,0.000161665438186413,6.31005664386564e-17,-4.40480985020031e-14,-4.33680868994202e-18,-1.01446628875124e-14
2014-01-01T04:34:16.779+01:00,0,2.25,0.993636878496374,0.00557348911204155,0.00635882082531273,0,70,70,248.163995570586,189.948690906176,1.99858597299919,4.08560754469777e-05,0,0,0,0,0,0,0,0,0,0,0,0,0,0,0,0,0,0,0,0,0,0,0,0,0,0,0,0,0.000383724869413398,0.000204280377234888,0,0,0,0.000383724869413398,0,0.000204280377234888,3.0140820395097e-17,-2.25930385511219e-14,-3.29597460435593e-17,2.14550599508812e-14
2014-01-01T05:00:34.668+01:00,0,2.25,0.993409715565867,0.00600578550806661,0.00658528883929775,0,70,70,248.198658119786,194.323690292273,1.99853549234797,4.54325861013147e-05,0,0,0,0,0,0,0,0,0,0,0,0,0,0,0,0,0,0,0,0,0,0,0,0,0,0,0,0,0.000432296396025055,0.000226468013985011,0,0,0,0.000431601479503493,0,0.000227162930506573,7.61109925084824e-17,-2.18436380095e-14,4.59701721133854e-17,7.49400541621981e-16
2014-01-01T05:26:52.557+01:00,0,2.25,0.993100242871522,0.00635649074899629,0.00686719903727802,0,70,70,248.976609753284,197.572921132044,1.99846672063812,6.18945388690182e-05,0,0,0,0,0,0,0,0,0,0,0,0,0,0,0,0,0,0,0,0,0,0,0,0,0,0,0,0,0.000350705240929685,0.000281910197980276,0,0,0,0.00032314274456487,0,0.000309472694345091,9.95297594341693e-17,-3.83304499251835e-14,2.34187669256869e-17,-1.64868119156836e-14
2014-01-01T05:53:10.446+01:00,0,2.25,0.992630252467369,0.00701285910242212,0.00732295970885915,0,70,70,249.384269020392,198.059715107397,1.99836227832608,9.39980808305202e-05,0,0,0,0,0,0,0,0,0,0,0,0,0,0,0,0,0,0,0,0,0,0,0,0,0,0,0,0,0.000656368353425826,0.00045576067158113,0,0,0,0.000642138620854355,0,0.000469990404152601,1.29887420263763e-16,-3.01147995429574e-14,3.03576608295941e-17,8.21565038222616e-15
2014-01-01T06:19:28.335+01:00,0,2.25,0.991788595774092,0.00917420729572312,0.00816461640213696,0,70,70,249.455512357369,193.598094237038,1.99817524350535,0.000168331338655561,0,0,0,0,0,0,0,0,0,0,0,0,0,0,0,0,0,0,0,0,0,0,0,0,0,0,0,0,0.002161348193301,0.000841656693277805,0,0,0,0.002161348193301,0,0.000841656693277805,1.74122868901172e-16,-1.52933221642115e-14,4.42354486374086e-17,1.48214773787458e-14
2014-01-01T06:45:46.224+01:00,0,2.25,0.99042332565797,0.0135963231841091,0.00952988651825877,0,70,70,249.432712120973,184.752285284573,1.99787185014622,0.000273054023224362,0,0,0,0,0,0,0,0,0,0,0,0,0,0,0,0,0,0,0,0,0,0,0,0,0,0,0,0,0.004422115888386,0.00136527011612181,0,0,0,0.004422115888386,0,0.00136527011612181,2.26164573180476e-16,-3.66651153882458e-14,5.20417042793042e-17,-2.13717932240343e-14
2014-01-01T07:12:04.113+01:00,0,2.25,0.988223778682743,0.0207834236869077,0.0115649327534753,0,70,70,250.748851784002,173.30936754331,1.9973830619295,0.000439909395045382,0,0,0,0,0,0,0,0,0,0,0,0,0,0,0,0,0,0,0,0,0,0,0,0,0,0,0,0,0.00718710050279857,0.00203504623521649,0,0,0,0.00702259976278815,0,0.00219954697522691,2.7300210703185e-16,-6.9111383282916e-15,4.68375338513738e-17,2.97539770599542e-14
2014-01-01T07:38:22.002+01:00,0,2.25,1,0.0138197998227581,0.0157367140094415,0,70,72.8080353413569,255.30025133309,171.532634992547,1.96202151991563,0.031825387812479,0,0,0.0168377497910988,0,0,0,0,0,0,0,0,0,0,0,0,0,0,0,0,0,0,0,0,0,0,0.0151539748119889,0,0,0.00987412592694916,0.00248800627685634,0,0,0,0.0089843787090738,0,0.0033777534947317,2.59124319224036e-16,-9.63118473862323e-15,-1.38777878078145e-17,-2.72004641033163e-15
2014-01-01T08:04:39.891+01:00,0,2.25,1,0.0201929600798188,0.0188620622439387,0,70,73.6423142653671,264.726331086094,165.899991778683,1.95112705479018,0.00980501861290543,0,0,0.00483005843000268,0,0,0,0,0,0,0,0,0,0,0,0,0,0,0,0,0,0,0,0,0,0,0.00434705258700241,0,0,0.0112032186870634,0.00264234239149696,0,0,0,0.00949850849155801,0,0.00434705258700238,2.83410447887711e-16,-3.00592883917261e-14,2.42861286636753e-17,-2.04281036531029e-14
2014-01-01T08:30:57.780+01:00,0,2.25,1,0.0255112322483902,0.0217241876748466,0,70,74.5928560345371,273.676840840637,163.256838697166,1.93921800086087,0.0107181485363838,0,0,0.00527987612629745,0,0,0,0,0,0,0,0,0,0,0,0,0,0,0,0,0,0,0,0,0,0,0.0047518885136677,0,0,0.0105981482948688,0.00233413781827814,0,0,0,0.0081803975994792,0,0.00475188851366776,2.20960402752546e-16,4.57966997657877e-15,-6.24500451351651e-17,3.46389583683049e-14
2014-01-01T08:57:15.669+01:00,0,2.25,1,0.0291171518343169,0.0240019814003064,0,70,75.527959679248,282.198567517087,162.807666201934,1.92803207129121,0.0101595385106983,0,0,0.005004698773743,0,0,0,0,0,0,0,0,0,0,0,0,0,0,0,0,0,0,0,0,0,0,0.0045042288963687,0,0,0.00861061835966966,0.00177732384808555,0,0,0,0.00588371331138649,0,0.00450422889636871,2.14021508848639e-16,-5.19029264012261e-15,-6.93889390390723e-18,-9.76996261670138e-15
2014-01-01T09:23:33.558+01:00,0,2.25,1,0.0312816481509512,0.0257169219972141,0,70,76.3246260183205,289.056861028348,163.403046385796,1.9189858975393,0.00841537223142086,0,0,0.00414550356227629,0,0,0,0,0,0,0,0,0,0,0,0,0,0,0,0,0,0,0,0,0,0,0.00373095320604866,0,0,0.00630999987891059,0.00130039024068,0,0,0,0.00387943691354194,0,0.00373095320604865,2.14021508848639e-16,-1.07414077632484e-14,0,-5.55111512312578e-15
2014-01-01T09:49:51.447+01:00,0,2.25,1,0.0325646815741403,0.0269693774873915,0,70,76.8912916952924,293.058150936405,164.281901689156,1.9189858975393,0.00589731522301321,0,0,0.0029050813906469,0,0,0,0,0,0,0,0,0,0,0,0,0,0,0,0,0,0,0,0,0,0,0.00261457325158221,0,0,0.00418811481383608,0.000961947351112764,0,0,0,0.00253548891336659,0,0.00261457325158225,1.72388145425195e-16,-1.89570581454745e-14,-4.16333634234434e-17,-8.21565038222616e-15
2014-01-01T10:16:09.336+01:00,0,2.25,1,0.0339003577560135,0.0280581826666589,0,70,77.3464586512467,295.006004172895,165.11745897215,1.98663857201215,0.00470694683795564,0,0,0.00231869302362347,0,0,0,0,0,0,0,0,0,0,0,0,0,0,0,0,0,0,0,0,0,0,0.00208682372126112,0,0,0.00365436920549667,0.000856935876905057,0,0,0,0.00242448136114062,0,0.0020868237212611,2.00143721040824e-16,-2.31759056390501e-14,2.77555756156289e-17,-4.21884749357559e-15
2014-01-01T10:42:27.225+01:00,0,2.25,1,0.0356906287248034,0.0290587571319108,0,70,77.7281039144902,295.21826167295,165.870299880032,1.9945044967449,0.00395104865256237,0,0,0.00194632938549871,0,0,0,0,0,0,0,0,0,0,0,0,0,0,0,0,0,0,0,0,0,0,0.00175169644694884,0,0,0.00373660035428852,0.000805941526701979,0,0,0,0.0027908454340417,0,0.0017516964469488,2.41777084464267e-16,-1.94011473553246e-14,4.16333634234434e-17,3.77475828372553e-15
2014-01-01T11:08:45.114+01:00,0,2.25,1,0.0376523090597271,0.0300074946704547,0,70,78.1108218654654,295.53606724518,166.699267890254,2,0.00396331514850223,0,0,0.00195237199433608,0,0,0,0,0,0,0,0,0,0,0,0,0,0,0,0,0,0,0,0,0,0,0.00175713479490247,0,0,0.00391405232925983,0.000753500339110335,0,0,0,0.00291041787346773,0,0.00175713479490243,2.97288235695525e-16,-2.96984659087229e-15,5.55111512312578e-17,1.64313007644523e-14
2014-01-01T11:35:03.003+01:00,0,2.25,1,0.0391916038970584,0.0308794189228226,0,70,78.5165414010667,297.093620756754,167.718538632602,2,0.00417897185147072,0,0,0.0020586068233846,0,0,0,0,0,0,0,0,0,0,0,0,0,0,0,0,0,0,0,0,0,0,0.00185274614104614,0,0,0.00359790166071586,0.000666063570029399,0,0,0,0.00241121908969914,0,0.00185274614104612,3.1116602350334e-16,-3.05311331771918e-16,1.38777878078145e-17,2.66453525910038e-15
2014-01-01T12:01:20.892+01:00,0,2.25,1,0.040160447837755,0.0317086251246949,0,70,78.9214200527778,299.321796033615,168.779900608084,2,0.00413589021562275,0,0,0.00203738434267131,0,0,0,0,0,0,0,0,0,0,0,0,0,0,0,0,0,0,0,0,0,0,0.00183364590840418,0,0,0.00300622828336796,0.000625467767605185,0,0,0,0.00179805014256901,0,0.00183364590840413,3.52799386926783e-16,3.46944695195361e-15,4.16333634234434e-17,3.77475828372553e-15
2014-01-01T12:27:38.781+01:00,0,2.25,1,0.040817008606068,0.0325112245408987,0,70,79.2546762603667,300.660599729107,169.650919143279,2,0.00338991914531138,0,0,0.00166991090902038,0,0,0,0,0,0,0,0,0,0,0,0,0,0,0,0,0,0,0,0,0,0,0.00150291981811834,0,0,0.00232647167733333,0.000635608325301796,0,0,0,0.00145916018451676,0,0.00150291981811837,3.25043811311154e-16,2.58126853225349e-15,-2.77555756156289e-17,-8.88178419700125e-16
2014-01-01T12:53:56.670+01:00,0,2.25,1,0.0413041194975905,0.0333085479019831,0,70,79.5371539982078,301.274367195656,170.35916647704,2,0.00286976451603981,0,0,0.00141367710149745,0,0,0,0,0,0,0,0,0,0,0,0,0,0,0,0,0,0,0,0,0,0,0.0012723093913477,0,0,0.00190078799302002,0.000655955650934656,0,0,0,0.00128443425260701,0,0.00127230939134767,3.66677174734598e-16,-1.29618538124987e-14,4.16333634234434e-17,-1.55431223447522e-14
2014-01-01T13:20:14.559+01:00,0,2.25,1,0.0416612321322369,0.0342507303802603,0,70,79.922396952183,302.920500849663,171.032179838813,2,0.00388989106540438,0,0,0.0019162024952731,0,0,0,0,0,0,0,0,0,0,0,0,0,0,0,0,0,0,0,0,0,0,0.00172458224574579,0,0,0.00227331512991945,0.000750562228749897,0,0,0,0.00129929511292358,0,0.00172458224574576,3.94432750350227e-16,-1.5404344466674e-14,2.77555756156289e-17,-2.44249065417534e-15
2014-01-01T13:46:32.448+01:00,0,2.25,1,0.0419361514473425,0.0352794208528084,0,70,80.4292263348455,305.927741667017,171.83133841926,2,0.005058207058003,0,0,0.00249172761477981,0,0,0,0,0,0,0,0,0,0,0,0,0,0,0,0,0,0,0,0,0,0,0.00224255485330183,0,0,0.00276664692988546,0.000779517711070055,0,0,0,0.00130360978765371,0,0.0022425548533018,4.08310538158041e-16,6.13398221105399e-15,1.38777878078145e-17,2.1538326677728e-14
2014-01-01T14:12:50.337+01:00,0,2.25,1,0.0423955078847427,0.0362625150263497,0,70,80.9132604116108,308.312438130586,172.62796397132,2,0.00479090031390619,0,0,0.00236004941571734,0,0,0,0,0,0,0,0,0,0,0,0,0,0,0,0,0,0,0,0,0,0,0.0021240444741456,0,0,0.00281940585311754,0.000747089231969605,0,0,0,0.00144245061094158,0,0.00212404447414557,4.49943901581484e-16,-4.52415882534751e-15,4.16333634234434e-17,-1.06581410364015e-14
2014-01-01T14:39:08.226+01:00,0,2.25,1,0.0432396597335465,0.0371157624440087,0,70,81.2402987117131,308.399701335622,173.244736931035,2,0.00324262427105133,0,0,0.00159735185766076,0,0,0,0,0,0,0,0,0,0,0,0,0,0,0,0,0,0,0,0,0,0,0.00143761667189468,0,0,0.00244150370646453,0.000693512231892852,0,0,0,0.00169739926646272,0,0.00143761667189466,4.63821689389299e-16,-1.5182299861749e-14,1.38777878078145e-17,-1.06581410364015e-14
2014-01-01T15:05:26.115+01:00,0,2.25,1,0.0441762761730583,0.0379458738406178,0,70,81.4728427288528,307.1992015691,173.653560128345,2,0.00232128915098177,0,0,0.00114349219260185,0,0,0,0,0,0,0,0,0,0,0,0,0,0,0,0,0,0,0,0,0,0,0.00102914297334167,0,0,0.00208010863211363,0.000715762177348947,0,0,0,0.00176672783612087,0,0.00102914297334172,4.08310538158041e-16,-9.71445146547012e-16,-5.55111512312578e-17,1.4210854715202e-14
2014-01-01T15:31:44.004+01:00,0,2.25,1,0.0448249145196564,0.0389811705017729,0,70,81.7802572862393,306.730231790994,173.866362787968,2,0.00307821472875476,0,0,0.00151636193534717,0,0,0,0,0,0,0,0,0,0,0,0,0,0,0,0,0,0,0,0,0,0,0.00136472574181246,0,0,0.00216500028194527,0.000883660467620411,0,0,0,0.00168393500775321,0,0.00136472574181247,4.08310538158041e-16,-1.02973185533983e-14,0,-9.32587340685131e-15
2014-01-01T15:58:01.893+01:00,0,2.25,1,0.0451894757283931,0.040205499342726,0,70,82.2128892152309,307.641911958236,174.041908812793,2,0.00432045604361093,0,0,0.00212830346975908,0,0,0,0,0,0,0,0,0,0,0,0,0,0,0,0,0,0,0,0,0,0,0.00191547312278317,0,0,0.00249286467849582,0.00101149849397716,0,0,0,0.00158889004968983,0,0.00191547312278315,4.22188325965855e-16,-3.19189119579733e-15,1.38777878078145e-17,7.105427357601e-15
2014-01-01T16:24:19.782+01:00,0,2.25,1,0.0457062720719011,0.0413926859676554,0,69.922324115258,82.6703300394057,308.78549431402,174.335247079533,1.99500911419093,0.00455387442738536,0,0,0.00224328789526372,0,0,69.922324115258,0.00280881087542963,69.922324115258,0.00280881087542963,0.00280881087542963,0,0,0,0,0,0,0,0,0,0,0,0,0,0,0,0.00201895910573735,0,0,0.00276008423877169,0.000962857835403062,0,0,0.00280881087542963,0.00170398296843739,0,0.00201895910573736,4.1438207032396e-16,-2.72004641033163e-14,-7.80625564189563e-18,-2.4008572907519e-14
2014-01-01T16:50:37.671+01:00,0,2.25,1,0.0466981896256599,0.0425299067460254,0,69.844329419184,83.1009523855751,309.133009562503,174.645932304293,1.99024358712781,0.00428897435680803,0,0,0.00211279524965913,0,0,69.844329419184,0.00282387898955068,69.8832224446851,0.00563268986498031,0.00282387898955068,0,0,0,0,0,0,0,0,0,0,0,0,0,0,0,0.00190151572469321,0,0,0.00310471280341791,0.00092594125340406,0,0,0.00282387898955068,0.00212913833212875,0,0.00190151572469321,4.16984155537925e-16,-5.22637488842292e-14,2.60208521396521e-18,-2.50632847809129e-14
2014-01-01T17:16:55.560+01:00,0,2.25,1,0.0481090102621273,0.0437461565376785,0,69.6985902002426,83.5003137213447,308.348198394235,174.763012140002,1.98580016528541,0.00399907965815772,0,0,0.00196998997938803,0,0,69.6985902002425,0.00528904353404157,69.793810998446,0.0109217333990219,0.00528904353404157,0,0,0,0,0,0,0,0,0,0,0,0,0,0,0,0.00177299098144923,0,0,0.00338081061585545,0.0010192507937143,0,0,0.00528904353404157,0.00262707042812047,0,0.00177299098144928,3.5973828083069e-16,-3.6276537329627e-14,-5.72458747072346e-17,1.59872115546023e-14
2014-01-01T17:43:13.449+01:00,0,2.25,1,0.049805460183042,0.0452108484121856,0,69.5184686567712,83.9146499162489,306.735793609656,174.544665119703,1.98114858338359,0.00418642371164075,0,0,0.00206227769046342,0,0,69.5184686567712,0.00655586399366805,69.6905298149309,0.0174775973926899,0.00655586399366805,0,0,0,0,0,0,0,0,0,0,0,0,0,0,0,0.00185604992141708,0,0,0.0037587276113781,0.00125846410546074,0,0,0.00655586399366805,0.00316114179542174,0,0.00185604992141709,3.45860493022876e-16,-5.0265347439904e-14,-1.38777878078145e-17,-1.3988810110277e-14
2014-01-01T18:09:31.338+01:00,0,2.25,1,0.0518222739891253,0.04686902397747,0,69.473192392091,84.3844507136956,305.070532451939,174.186152966572,1.97582472771654,0.00479147010034596,0,0,0.00236033009869259,0,0,69.473192392091,0.00164912305136726,69.6717907867227,0.0191267204440572,0.00164912305136726,0,0,0,0,0,0,0,0,0,0,0,0,0,0,0,0.00212429708882333,0,0,0.00437714390477596,0.00142214255541512,0,0,0.00164912305136726,0.00367498937136776,0,0.00212429708882332,3.5973828083069e-16,-6.18116668960056e-14,1.38777878078145e-17,-1.15463194561016e-14
2014-01-01T18:35:49.227+01:00,0,2.25,1,0.0541324709062244,0.0485740677016391,0,69.473192392091,84.9206771449893,303.999801714512,173.928138421954,1.96970550102401,0.00550730402327727,0,0,0.00271295764693461,0,0,0,0,69.6717907867227,0.0191267204440572,0,0,0,0,0,0,0,0,0,0,0,0,0,0,0,0,0.00244166188224115,0,0,0.00502315456403369,0.00143374795947565,0,0,0,0.00401524064126818,0,0.00244166188224116,3.45860493022876e-16,-4.44921877118531e-14,-1.38777878078145e-17,1.73194791841524e-14
2014-01-01T19:02:07.116+01:00,0,2.25,1,0.0565735468422413,0.0502946665976514,0,69.473192392091,85.5041285816454,303.442313734547,173.769677160802,1.96301403483082,0.00602231957386574,0,0,0.00296665988860381,0,0,0,0,69.6717907867227,0.0191267204440572,0,0,0,0,0,0,0,0,0,0,0,0,0,0,0,0,0.00266999389974343,0,0,0.00540773582462072,0.00142393290715199,0,0,0,0.00416167483202925,0,0.00266999389974347,3.18104917407247e-16,-6.4920291364956e-14,-2.77555756156289e-17,-2.04281036531029e-14
2014-01-01T19:28:25.005+01:00,0,2.25,1,0.0588724955904798,0.0519973748818013,0,69.473192392091,86.0609826706124,302.820010440787,173.614582247112,1.95659217287854,0.00577967575705127,0,0,0.00284713091480358,0,0,0,0,69.6717907867227,0.0191267204440572,0,0,0,0,0,0,0,0,0,0,0,0,0,0,0,0,0.00256241782332323,0,0,0.00514607966304209,0.0014179951926695,0,0,0,0.00400165703238839,0,0.0025624178233232,3.45860493022876e-16,-5.7814864007355e-14,2.77555756156289e-17,7.105427357601e-15
2014-01-01T19:54:42.894+01:00,0,2.25,1,0.0608340215108911,0.0536740945004503,0,69.473192392091,86.5754200554884,302.122197146533,173.44399892879,1.95062502599968,0.00537043219097404,0,0,0.00264553309900199,0,0,0,0,69.6717907867227,0.0191267204440572,0,0,0,0,0,0,0,0,0,0,0,0,0,0,0,0,0.00238097978910179,0,0,0.00460705901941331,0.00141216630874881,0,0,0,0.00363824553906031,0,0.00238097978910181,3.18104917407247e-16,-6.04793992664554e-14,-2.77555756156289e-17,-2.66453525910038e-15
2014-01-01T20:21:00.783+01:00,0,2.25,1,0.0625100082796525,0.0552110169234912,0,69.2757397286109,87.0315228102801,301.478303086463,173.360245074173,1.94530600784617,0.0047871163381573,0,0,0.00235818538825483,0,0,69.2757397286109,0.00721499237830223,69.5633124434591,0.0263417128223594,0.00721499237830223,0,0,0,0,0,0,0,0,0,0,0,0,0,0,0,0.00212236684942935,0,0,0.00403417215701619,0.00130110388421542,0,0,0.00721499237830223,0.00321290919180231,0,0.0021223668494293,3.70146621686551e-16,-4.84889906005037e-14,5.20417042793042e-17,1.19904086659517e-14
2014-01-01T20:47:18.672+01:00,0,2.25,1,0.0639791282715304,0.0565208792434147,0,69.2376786637216,87.4188510684779,300.955404444618,173.431315506934,1.94076835850449,0.00408388440751501,0,0,0.00201176571798769,0,0,69.2376786637216,0.0013916253888749,69.5469725340005,0.0277333382112343,0.0013916253888749,0,0,0,0,0,0,0,0,0,0,0,0,0,0,0,0.00181058914618892,0,0,0.00348088570986564,0.00110868574812471,0,0,0.0013916253888749,0.00277898231180147,0,0.00181058914618888,4.11779985109995e-16,-7.29138971422572e-14,4.16333634234434e-17,-2.44249065417534e-14
2014-01-01T21:13:36.561+01:00,0,2.25,1,0.0651950065356403,0.0577201247639113,0,69.0287225079439,87.7487144636136,300.344714918987,173.535494275446,1.93688581146823,0.00349429233263629,0,0,0.00172132627223462,0,0,69.0287225079439,0.00766608745908726,69.4347404864406,0.0353994256703216,0.00766608745908726,0,0,0,0,0,0,0,0,0,0,0,0,0,0,0,0.00154919364501116,0,0,0.00293720453634447,0.00102711289327315,0,0,0.00766608745908726,0.00241512378460642,0,0.0015491936450112,3.80554962542412e-16,-1.11105569189363e-13,-3.12250225675825e-17,-3.81916720471054e-14
2014-01-01T21:39:54.450+01:00,0,2.25,1,0.0660852516587788,0.0589008720239234,0,68.2875877532088,88.0427864404976,299.658768169169,173.605752945968,1.93340794343677,0.00313008122830982,0,0,0.00154191193512799,0,0,68.2875877532088,0.027523016842104,68.9329623809424,0.0629224425124256,0.027523016842104,0,0,0,0,0,0,0,0,0,0,0,0,0,0,0,0.00138772074161519,0,0,0.00243215705826645,0.0010265560664993,0,0,0.027523016842104,0.00207099238315058,0,0.00138772074161517,3.94432750350227e-16,-7.51343431915075e-14,1.38777878078145e-17,3.59712259978551e-14
2014-01-01T22:06:12.339+01:00,0,2.25,1,0.0666822230523412,0.0602639045027447,0,68.1926765271277,88.3669376906838,299.002183248496,173.537465639935,1.92955706468285,0.00346579087853191,0,0,0.00170728614706005,0,0,68.1926765271277,0.00353018366754697,68.8936359437392,0.0664526261799725,0.00353018366754697,0,0,0,0,0,0,0,0,0,0,0,0,0,0,0,0.00153655753235404,0,0,0.00230425754062252,0.00119230386411532,0,0,0.00353018366754697,0.00196000387238375,0,0.00153655753235409,3.52799386926783e-16,-6.98052726733067e-14,-4.16333634234434e-17,5.32907051820075e-15
2014-01-01T22:32:30.228+01:00,0,2.25,1,0.0670982983221827,0.0619170850586994,0,67.7836257305207,88.7752580468861,298.569855235653,173.315745741062,1.92468880976763,0.00438142942369715,0,0,0.0021583396175848,0,0,67.7836257305207,0.0153180551469,68.6856983628875,0.0817706813268725,0.0153180551469,0,0,0,0,0,0,0,0,0,0,0,0,0,0,0,0.00194250565582632,0,0,0.00257441488742631,0.00143734659419625,0,0,0.0153180551469,0.00206925582579624,0,0.00194250565582632,3.38921599118969e-16,-6.00353100566053e-14,-1.38777878078145e-17,9.76996261670138e-15
2014-01-01T22:58:48.117+01:00,0,2.25,1,0.0673389242444527,0.063786355246927,0,66.532025960232,89.2445433748645,298.330088155347,172.997582579948,1.91907638774734,0.00505117981825878,0,0,0.00248826592032452,0,0,66.532025960232,0.0478667772728623,67.8904856340194,0.129637458599735,0.0478667772728623,0,0,0,0,0,0,0,0,0,0,0,0,0,0,0,0.00223943932829207,0,0,0.00272889184259451,0.00162044359619514,0,0,0.0478667772728623,0.00210989611049761,0,0.00223943932829204,3.94432750350227e-16,-6.80289158339065e-14,5.55111512312578e-17,-7.99360577730113e-15
2014-01-01T23:25:06.006+01:00,0,2.25,1,0.0674233710235795,0.0656747618093474,0,64.3604476007686,89.6740625705914,297.742146292109,172.637647730907,1.91391350180853,0.00464659734493028,0,0,0.00228896420932527,0,0,64.3604476007686,0.0862338988781018,66.4803451394591,0.215871357477837,0.0862338988781018,0,0,0,0,0,0,0,0,0,0,0,0,0,0,0,0.00206006778839274,0,0,0.00237341098845204,0.00165951014148782,0,0,0.0862338988781018,0.00197285334154716,0,0.0020600677883927,4.22188325965855e-16,-6.26998453157057e-14,2.77555756156289e-17,5.32907051820075e-15
2014-01-01T23:51:23.895+01:00,0,2.25,1,0.0672314450728971,0.067455132235959,0,64.1654795756002,90.0314803587065,296.911530631171,172.306040966945,1.90959116202455,0.00389010580558531,0,0,0.00191630827861346,0,0,64.1654795756001,0.00776896007837134,66.3999298621561,0.223640317556208,0.00776896007837134,0,0,0,0,0,0,0,0,0,0,0,0,0,0,0,0.00172467745075211,0,0,0.00172438232793105,0.00158873959875031,0,0,0.00776896007837134,0.00158844447592927,0,0.00172467745075209,4.49943901581484e-16,-4.67126337611035e-14,2.77555756156289e-17,1.59872115546023e-14