Time,Water_balance,Pollutant_balance,BW_V,BW_c,PW_V,PW_c,RW_V,RW_c,Q_ROPW,C_battery_charge,E_use_renewable,E_use_grid,Q_Infiltration,c_Infiltration,Q_Sewer,c_Sewer,Q_CityWater,Q_Roof,Q_BS,Q_BT,Q_CL,Q_DW,Q_GA,Q_KS,Q_SH,Q_TL,Q_WM,Q_RWPW_Treat,Q_CWPW_Fill,Q_RW_infil_Infiltrate,Q_BW_infil_Treat,Q_RainRefillControl_Tap
2015-01-01T00:00:00.000+01:00,-4.3368086899420179e-16,-2.2648549702353195e-14,0.0008798876606486737,127.61543354383953,0.9991655278665271,70.0,9.999120112339352,70.0,0.0,1.9997023680912983,0.0002678687178315158,0.0,0.0,0.0,0.0008344721334730274,262.8143876230634,0.0,0.0,0.00032437199620530006,0.000010930670758243648,0.000060416668467223644,0.00005313233196735381,0.0,0.0003950273376703262,0.0000510097968718037,0.00081947099218145,0.0,0.0,0.0,0.0,0.0,0.0
2015-01-01T00:15:00.000+01:00,-9.69493582636538e-16,1.056932319443149e-13,0.001634771234523505,130.10939869246719,0.9984346050279076,70.00000000000002,9.998365228765478,69.99999999999999,0.0,1.999444415589129,0.00023215725195223057,0.0,0.0,0.0,0.0007309228386194446,262.2860180720301,0.0,0.0,0.0002858450541272759,0.000012563990789931268,0.000060416668467223644,0.000044326197132468216,0.0,0.00032955563955008985,0.000058631957019679245,0.0006944669054076075,0.0,0.0,0.0,0.0,0.0,0.0
2015-01-01T00:30:00.000+01:00,-1.5825014909598423e-15,-1.7541523789077473e-13,0.0022684823048952967,132.9521375943761,0.9978236373903416,70.00000000000002,9.997731517695107,70.0,0.0,1.9992283255356678,0.00019448104811526718,0.0,0.0,0.0,0.0006109676375659182,260.4031346166042,0.0,0.0,0.00024010983338579534,0.00002110751326661557,0.000060416668467223644,0.000029787200689315794,0.0,0.0002214613616466522,0.00009850172857753932,0.000573294401904568,0.0,0.0,0.0,0.0,0.0,0.0
2015-01-01T00:45:00.000+01:00,-2.8228287762832595e-15,-1.0502709812953981e-13,0.0027982627911679448,136.02247667732915,0.9973219924690155,70.00000000000002,9.997201737208835,69.99999999999999,0.0,1.9990492586246265,0.000161160219937301,0.0,0.0,0.0,0.0005016449213260785,257.819614759884,0.0,0.0,0.00020009151775389909,0.000028583089630119503,0.000060416668467223644,0.00001654844811186194,0.0,0.00012303411422297358,0.00013338775160722432,0.00046936381780542433,0.0,0.0,0.0,0.0,0.0,0.0
2015-01-01T01:00:00.000+01:00,-4.047109869453891e-15,-6.217248937900877e-14,0.003211061543901451,139.68602848244255,0.9969374354130868,70.00000000000002,9.996788938456103,69.99999999999997,0.0,1.9989108287967339,0.00012458684510347666,0.0,0.0,0.0,0.0003845570559287444,254.9992820140069,0.0,0.0,0.00015771188750863074,0.00003053050294518471,0.000060416668467223644,0.000006382972456049173,0.0,0.000047456012608017773,0.00014247568041086196,0.0003523820842662826,0.0,0.0,0.0,0.0,0.0,0.0
2015-01-01T01:15:00.000+01:00,-5.489532439728606e-15,-6.872280522429719e-14,0.0035171758034080269,143.95618381223464,0.9966739380535643,70.00000000000002,9.996482824196598,69.99999999999997,0.0,1.9988119378906527,0.00008900181547328429,0.0,0.0,0.0,0.0002634973595224437,252.24502533417314,0.0,0.0,0.0001133437759708613,0.00002566195600200444,0.000060416668467223644,5.614647221227642e-7,0.0,0.000004174368151434465,0.00011975579467602073,0.0002456975910393521,0.0,0.0,0.0,0.0,0.0,0.0
2015-01-01T01:30:00.000+01:00,-5.552416165732765e-15,-9.392486788328824e-14,0.003718521372729447,149.02293076133803,0.9965208037708777,70.00000000000002,9.996281478627277,69.99999999999997,0.0,1.998750396249679,0.00005538747687623981,0.0,0.0,0.0,0.00015313428268651474,251.7258169318181,0.0,0.0,0.00006698716803919523,0.0000152024319965858,0.000060416668467223644,0.0,0.0,0.0,0.00007094468265073373,0.00014092890085419638,0.0,0.0,0.0,0.0,0.0,0.0
2015-01-01T01:45:00.000+01:00,-5.988265439071938e-15,-2.0439205883349132e-13,0.003871134524147492,154.3064743018738,0.9964282203765977,70.00000000000002,9.996128865475859,69.99999999999997,0.0,1.99870782740494,0.000038311960265309604,0.0,0.0,0.0,0.00009258339427993633,250.38612928214344,0.0,0.0,0.00004523807776626199,0.000008355055855354293,0.000060416668467223644,0.0,0.0,0.0,0.00003899026065832004,0.00009219648295082152,0.0,0.0,0.0,0.0,0.0,0.0
2015-01-01T02:00:00.000+01:00,-7.361299070307581e-15,-7.149836278586008e-14,0.003964598230469856,160.14689324945074,0.9964128095975013,70.00000000000002,9.996035401769538,69.99999999999996,0.0,1.9986889255845549,0.000017011638346684773,0.0,0.0,0.0,0.00001541077909641899,237.0,0.0,0.0,0.00001541077909641899,0.0,0.000060416668467223644,0.0,0.0,0.0,0.0,0.00003304703785513993,0.0,0.0,0.0,0.0,0.0,0.0
2015-01-01T02:15:00.000+01:00,-9.19533546528406e-15,-1.588729148238599e-13,0.004025015388837077,166.29890136947459,0.9964128082704015,70.0,9.995974984229373,69.99999999999996,0.0,1.9986784361978767,0.000009440448010501606,0.0,0.0,0.0,1.70889998961421e-9,306.3755047106326,0.0,0.0,2.1619999868605076e-10,1.1729999928711264e-10,0.000060416668467223644,5.289999967850178e-11,0.0,3.9329999760973066e-10,5.473999966731924e-10,4.89899997022647e-10,3.817999976796216e-10,0.0,0.0,0.0,0.0,0.0
2015-01-01T02:30:00.000+01:00,-1.102937186026054e-14,-1.325606291402437e-13,0.004085432547204298,172.26895233095065,0.9964128069433016,69.99999999999997,9.995914566689207,69.99999999999995,0.0,1.9986679468111986,0.000009440448010501606,0.0,0.0,0.0,1.70889998961421e-9,306.3755047106326,0.0,0.0,2.1619999868605076e-10,1.1729999928711264e-10,0.000060416668467223644,5.289999967850178e-11,0.0,3.9329999760973066e-10,5.473999966731924e-10,4.89899997022647e-10,3.817999976796216e-10,0.0,0.0,0.0,0.0,0.0
2015-01-01T02:45:00.000+01:00,-1.0864139449173749e-14,-3.7692071686024065e-13,0.004182248883185429,177.3420652098733,0.99639408873801,69.99999999999999,9.995817750353226,69.99999999999996,0.0,1.9986478887311166,0.000018052272073828137,0.0,0.0,0.0,0.000018718205291370396,269.0853108443837,0.0,0.0,0.0000044740860542515299,3.1436400400707495e-7,0.000060416668467223644,0.00000147753935016226,0.0,0.000010985183864249849,0.000001467032018699683,0.00003639966751390602,0.0,0.0,0.0,0.0,0.0,0.0
2015-01-01T03:00:00.000+01:00,-1.2296153678592603e-14,-2.2226664952995634e-13,0.00429654661252488,181.83088103770579,0.9963668234563869,69.99999999999997,9.995703452623888,69.99999999999995,0.0,1.9986233118194912,0.000022119220462900556,0.0,0.0,0.0,0.00002726528162311297,265.0374581899146,0.0,0.0,0.000010066726184450089,0.0,0.000060416668467223644,0.0000020390039953053929,0.0,0.000015159551443357488,0.0,0.000053881060872226945,0.0,0.0,0.0,0.0,0.0,0.0
2015-01-01T03:15:00.000+01:00,-1.3214689759122323e-14,-1.5054624213917123e-13,0.004407970688630348,186.1464421356839,0.9963354464940616,69.99999999999997,9.995590997687782,69.99999999999993,0.0,1.998598341003791,0.00002247373413007949,0.0,0.0,0.0,0.000032407822327040775,272.4916849038402,0.0,0.0,0.000010439562651445156,0.0,0.000060416668467223644,0.000002482269033498596,0.0,0.000018455130640359132,0.0,0.00005100740763824432,0.0000010308600017378922,0.0,0.0,0.0,0.0,0.0
2015-01-01T03:30:00.000+01:00,-1.4080750454503743e-14,-2.0805579481475434e-13,0.004516521111501834,190.30980863406803,0.9962984602987202,69.99999999999997,9.995480904792972,69.99999999999993,0.0,1.998572806439529,0.000022981107836210412,0.0,0.0,0.0,0.00003852866728026129,276.58287183557709,0.0,0.0,0.000010066726184450089,0.0,0.000060416668467223644,0.0000031914834567578507,0.0,0.000023727985700243153,0.0,0.000048133754404261704,0.000001542471938810195,0.0,0.0,0.0,0.0,0.0
2015-01-01T03:45:00.000+01:00,-1.4586422347750984e-14,-1.5587531265737198e-13,0.004607111161738622,194.6647713135751,0.9962703132536128,69.99999999999996,9.995388944080716,69.99999999999992,0.0,1.9985519543983202,0.000018766837088071493,0.0,0.0,0.0,0.000029517707126869933,279.16937850030708,0.0,0.0,0.000006711150789633393,0.0,0.000060416668467223644,0.000002541368913953192,0.0,0.00001889452540373895,0.0,0.000030173381769563998,0.0000013706620195443975,0.0,0.0,0.0,0.0,0.0
2015-01-01T04:00:00.000+01:00,-1.5314572526792248e-14,-1.5432100042289676e-13,0.0046823750328782369,199.19169640346855,0.9962548691780613,69.99999999999996,9.995313680209577,69.99999999999992,0.0,1.9985362064909085,0.000014173116670508534,0.0,0.0,0.0,0.00001544407555164071,271.4333629293399,0.0,0.0,0.000003479846981063019,0.0,0.000060416668467223644,0.000001418439469707664,0.0,0.000010545789100870025,0.0,0.000014847202672390266,0.0,0.0,0.0,0.0,0.0,0.0
2015-01-01T04:15:00.000+01:00,-1.6933503210747604e-14,-1.7386092565629951e-13,0.004789488626281138,202.85337552745237,0.9961432023010813,69.99999999999999,9.995206566616176,69.9999999999999,0.0,1.998498223770356,0.000034184448497308035,0.0,0.0,0.0,0.00011166687697987072,265.0991294150582,0.0,0.0,0.00001180663850624114,0.000012563990789931268,0.000060416668467223644,0.0000033983437385177234,0.0,0.00002526594692550134,0.000058631957019679245,0.00004669692493567709,0.0,0.0,0.0,0.0,0.0,0.0
2015-01-01T04:30:00.000+01:00,-1.855373493730994e-14,-9.348077867343818e-14,0.00490354689592413,206.19714861295967,0.9959394720044736,69.99999999999999,9.995092508346535,69.99999999999989,0.0,1.9984430521442709,0.000049654463476690575,0.0,0.0,0.0,0.00020373029660782774,262.86983270629767,0.0,0.0,0.000014913648705696686,0.000030153583358041937,0.000060416668467223644,0.0000021276591275818644,0.0,0.00001581868307897821,0.00014071672233752905,0.000053641601175768296,0.0,0.0,0.0,0.0,0.0,0.0
2015-01-01T04:45:00.000+01:00,-1.8810474011754509e-14,-2.2737367544323206e-13,0.0050262261309722568,209.19270352796466,0.9956826780740345,69.99999999999996,9.994969829111487,69.9999999999999,0.0,1.9983771713863739,0.00005929268210738883,0.0,0.0,0.0,0.0002567939304391621,261.6308886297501,0.0,0.0,0.000018642061196733264,0.00004114708042005077,0.000060416668467223644,5.910146623500623e-7,0.0,0.000004394065533124376,0.00019201970862690358,0.00006226256658090278,0.0,0.0,0.0,0.0,0.0,0.0
2015-01-01T05:00:00.000+01:00,-1.9014304020181784e-14,-8.593126210598712e-14,0.005154892137887994,211.90957867596985,0.9954353207427908,69.99999999999995,9.99484116310457,69.99999999999989,0.0,1.9983118895568326,0.00005875364658741092,0.0,0.0,0.0,0.00024735733124369287,261.4404059994309,0.0,0.0,0.000019884865779895335,0.00003926247975323349,0.000060416668467223644,5.910146623500623e-7,0.0,0.000004394065533124376,0.00018322490551508962,0.00006824933844851329,0.0,0.0,0.0,0.0,0.0,0.0
2015-01-01T05:15:00.000+01:00,-2.0899081076830585e-14,-2.3292479056635784e-13,0.005296729061162671,214.1969946342506,0.9952185832546697,69.99999999999995,9.994689036251815,69.99999999999989,0.0,1.9982478506087634,0.000057635053262310963,0.0,0.0,0.0,0.000227027417604113,269.6666659647982,0.0,0.0,0.000022370472429320213,0.00003298047753050923,0.000060416668467223644,8.865246878121979e-7,0.0,0.000006591118331125472,0.00015390889514237642,0.0000814202548074536,0.000010289929482969456,0.0,0.0,0.0,0.0,0.0
2015-01-01T05:30:00.000+01:00,-2.0251161858553247e-14,-1.9029222642075183e-13,0.005462513128939657,215.83304651618139,0.9950427973227342,69.99999999999996,9.994506102300825,69.99999999999989,0.0,1.9981855728513112,0.000056049981707019473,0.0,0.0,0.0,0.00019293581514793912,278.09679565115729,0.0,0.0,0.000029827320063486694,0.000021358793901745228,0.000060416668467223644,0.00000295507870032452,0.0,0.000021970367728499697,0.00009967437154147774,0.00010536739930976182,0.000017149883212405258,0.0,0.0,0.0,0.0,0.0
2015-01-01T05:45:00.000+01:00,-2.2261706367210367e-14,-2.5912605394751154e-13,0.005672359925263203,216.42212934317448,0.9948295689239003,69.99999999999995,9.994278419641697,69.99999999999987,0.0,1.998109025792637,0.00006889235280686988,0.0,0.0,0.0,0.000231064261640422,275.4375211528358,0.0,0.0,0.000048469378743320695,0.000021641474033240227,0.000060416668467223644,0.00000499408254167065,0.0,0.00003712991802720353,0.00010099354548845439,0.00014943012785632162,0.000017835862806532534,0.0,0.0,0.0,0.0,0.0
2015-01-01T06:00:00.000+01:00,-2.271099974748836e-14,-2.6068036618198676e-13,0.005974163693512432,215.09177767046843,0.9943355093716526,69.99999999999995,9.993976615873449,69.99999999999987,0.0,1.997970855077273,0.00012435364382763507,0.0,0.0,0.0,0.000494059552247636,263.2395428598013,0.0,0.0,0.00008649920301511884,0.000049753418276086445,0.000060416668467223644,0.00001489360403968021,0.0,0.00011073070829501375,0.00023218261862173676,0.00024138709978200492,0.0,0.0,0.0,0.0,0.0,0.0
2015-01-01T06:15:00.000+01:00,-2.314468061648256e-14,-3.383959779057477e-13,0.006411747765272498,211.37167943684686,0.9933018010503495,69.99999999999995,9.993539031801689,69.99999999999987,0.0,1.9977154223701437,0.0002298894364161242,0.0,0.0,0.0,0.001033708321303129,262.9214438325736,0.0,0.0,0.0001510007568541914,0.00012014318531379102,0.000060416668467223644,0.00002393614517059177,0.0,0.00017796003583353014,0.0005606681981310248,0.0003771674032928422,0.0,0.0,0.0,0.0,0.0,0.0
2015-01-01T06:30:00.000+01:00,-2.3227947343329448e-14,-2.69562150378988e-13,0.0069918172629844549,205.8215137707131,0.9916003534241834,69.99999999999995,9.992958962303977,69.99999999999987,0.0,1.9973193256472482,0.0003564870506059378,0.0,0.0,0.0,0.0017014476261660455,262.6945470923617,0.0,0.0,0.0002261904341354966,0.00021107507804408668,0.000060416668467223644,0.000033096891297027465,0.0,0.0002460681918170303,0.0009850170308724044,0.0005196528292447328,0.0,0.0,0.0,0.0,0.0,0.0
2015-01-01T06:45:00.000+01:00,-2.3694587958367209e-14,-2.3092638912203256e-13,0.00775867442622,198.5668783701696,0.9891234433137321,69.99999999999995,9.992192105140742,69.99999999999986,0.0,1.996756171606678,0.0005068386365135666,0.0,0.0,0.0,0.0024769101104512808,262.5196767859579,0.0,0.0,0.000323129191622138,0.0003140998380258679,0.000060416668467223644,0.000044326197132468216,0.0,0.00032955563955008985,0.001465799244120717,0.0007064404947683215,0.0,0.0,0.0,0.0,0.0,0.0
2015-01-01T07:00:00.000+01:00,-2.4355517602714373e-14,-2.4868995751603507e-13,0.008756621426112593,190.0411771433023,0.9857628367876701,69.99999999999996,9.99119415814085,69.99999999999986,0.0,1.9959994782861999,0.0006810239884303882,0.0,0.0,0.0,0.0033606065260618925,262.3922696908266,0.0,0.0,0.0004530022403597831,0.0004240347922593355,0.000060416668467223644,0.000059840364158153525,0.0,0.00044490009874105453,0.0019788290305435658,0.0009375303314253687,0.0,0.0,0.0,0.0,0.0,0.0
2015-01-01T07:15:00.000+01:00,-2.586125757986224e-14,-2.0694557179012918e-13,0.009956921775947899,181.46623374481349,0.9816006092264943,69.99999999999996,9.989877238586506,69.99999999999985,0.0,1.995048237467533,0.0008561167368003224,0.0,0.0,0.0,0.004278846765686757,267.3634686456072,0.0,0.0,0.0005915749413147568,0.0005179506230726838,0.000060416668467223644,0.00007535453118383884,0.0,0.0005602445579320193,0.0024171029076725245,0.0011398836813680826,0.00011661920451093465,0.0,0.0,0.0,0.0,0.0
2015-01-01T07:30:00.000+01:00,-2.781108676686017e-14,-2.1049828546892968e-13,0.011318266610681652,173.60173945189355,0.9767019264927201,69.99999999999996,9.98816432120759,69.99999999999983,0.0,1.9939003902257464,0.0010330625176080502,0.0,0.0,0.0,0.005250255277957768,274.67044701156109,0.0,0.0,0.0007388473347574472,0.0005988313559442759,0.000060416668467223644,0.00009086869820952414,0.0,0.0006755890171229839,0.002794546327739954,0.0013009281662665308,0.00035157254418358207,0.0,0.0,0.0,0.0,0.0
2015-01-01T07:45:00.000+01:00,-2.933764342571976e-14,-3.3928415632544784e-13,0.012783182774383215,166.8391794054674,0.971398338363252,69.99999999999995,9.986068289443013,69.99999999999983,0.0,1.992615733994141,0.00115619060844474,0.0,0.0,0.0,0.005934703730344771,281.7325928357404,0.0,0.0,0.0008575351221114395,0.000642962360791862,0.000060416668467223644,0.00009515356432646512,0.0,0.0007074460652098059,0.003000491017028689,0.0014044994952343404,0.0006311156008765101,0.0,0.0,0.0,0.0,0.0
2015-01-01T08:00:00.000+01:00,-2.9407032364758837e-14,-2.469136006766348e-13,0.014310361493259308,161.17801225145943,0.9659101354984262,69.99999999999995,9.98365874928903,69.99999999999983,0.0,1.9912445980533753,0.0012340223466890165,0.0,0.0,0.0,0.006370564299933612,287.8765163885239,0.0,0.0,0.000883012585863471,0.0006618083292245865,0.000060416668467223644,0.00010135923113673924,0.0,0.0007535838488861918,0.0030884388697147368,0.00146676205040887,0.0008823614351078868,0.0,0.0,0.0,0.0,0.0
2015-01-01T08:15:00.000+01:00,-3.099603906875359e-14,-2.948752353404416e-13,0.015773122399925823,156.8602437111784,0.9606483759709144,69.99999999999995,9.981024308491613,69.99999999999982,0.0,1.989873729941408,0.0012337813007703516,0.0,0.0,0.0,0.006433439418263733,296.16490469452227,0.0,0.0,0.0008490840590000152,0.0006284509375691413,0.000060416668467223644,0.00010094551673159002,0.0,0.0007505079722218216,0.002932771041989326,0.0014023442381992935,0.0011716798907518388,0.0,0.0,0.0,0.0,0.0
2015-01-01T08:30:00.000+01:00,-3.304995166431013e-14,-4.636291350834654e-13,0.017116626571911956,153.68137094933383,0.9559343999826232,69.99999999999995,9.978312243772843,69.99999999999982,0.0,1.9885844867630987,0.001160318860478583,0.0,0.0,0.0,0.0060825365350767979,304.6016495963353,0.0,0.0,0.0007367345085740089,0.0005514336891844868,0.000060416668467223644,0.00010106372788548468,0.0,0.0007513868464529514,0.002573357216194272,0.001283087503518909,0.0013685605467855932,0.0,0.0,0.0,0.0,0.0
2015-01-01T08:45:00.000+01:00,-3.3882618932778999e-14,-5.098144129078719e-13,0.018270828657459105,151.5450560649719,0.9519684250924807,69.99999999999993,9.97562621421686,69.99999999999982,0.0,1.9874296248800905,0.0010393756947072689,0.0,0.0,0.0,0.0054978023605793718,314.8698131804176,0.0,0.0,0.0006054943607002497,0.0004590883084014058,0.000060416668467223644,0.00008998217860236763,0.0,0.000668997936565429,0.002142412105873227,0.0010937854170799257,0.0015318274704366924,0.0,0.0,0.0,0.0,0.0
2015-01-01T09:00:00.000+01:00,-3.547856453067766e-14,-4.156675004196586e-13,0.019253210064183559,150.15043698020745,0.948748720579024,69.99999999999993,9.973083193630043,69.9999999999998,0.0,1.9865013602642419,0.0009004257969179889,0.0,0.0,0.0,0.004780343693550676,324.04959210473097,0.0,0.0,0.0004784797443822026,0.0003682820464298129,0.000060416668467223644,0.00007757084005512296,0.0,0.0005767223325837403,0.0017186495500057936,0.0009219647382572293,0.0015606391800940037,0.0,0.0,0.0,0.0,0.0
2015-01-01T09:15:00.000+01:00,-3.755329380794592e-14,-3.872457909892546e-13,0.020060178697026904,149.3624701605977,0.9462357159954568,69.99999999999992,9.97078418538996,69.99999999999979,0.0,1.985700482300911,0.0007518770036956993,0.0,0.0,0.0,0.00400504419080913,333.0583227644848,0.0,0.0,0.0003604133291170001,0.00027782130181789396,0.000060416668467223644,0.00006855784801766275,0.0,0.0005097126961313188,0.001296499408483505,0.0007465519643761217,0.0014920396072417497,0.0,0.0,0.0,0.0,0.0
2015-01-01T09:30:00.000+01:00,-3.9690473130349349e-14,-4.973799150320701e-13,0.0207527997613527,148.93097780664758,0.9442488800379146,69.99999999999995,9.968784743380195,69.99999999999977,0.0,1.9850592250462618,0.0006228559323921217,0.0,0.0,0.0,0.003293656902983785,337.64590222823707,0.0,0.0,0.0002908162724599242,0.00021484428483992812,0.000060416668467223644,0.00005673753075301646,0.0,0.0004218312069028616,0.0010026066625863314,0.0006322043958585709,0.0013068209454417228,0.0,0.0,0.0,0.0,0.0
2015-01-01T09:45:00.000+01:00,-3.95516952522712e-14,-6.004086117172847e-13,0.02130892212596872,148.87023773850596,0.9427843774484541,69.99999999999995,9.967248505306497,69.99999999999979,0.0,1.9850592250462618,0.00046886572861840254,0.0,0.0,0.0,0.0024446182985417548,338.594159553388,0.0,0.0,0.0002181121942773461,0.00015265251472592353,0.000060416668467223644,0.00004521272166632115,0.0,0.00033614675673656165,0.0007123784020543098,0.0004957056961487978,0.0009801157090812924,0.0,0.0,0.0,0.0,0.0
2015-01-01T10:00:00.000+01:00,-4.055089597443384e-14,-6.075140390748857e-13,0.02184205526471288,148.86922632230793,0.9413763999679476,69.99999999999995,9.965851018175635,69.99999999999979,0.0,1.9866829907444144,0.00043835384552658066,0.0,0.0,0.0,0.002272331472625956,334.86603897559879,0.0,0.0,0.00020879116997122763,0.000145114133907482,0.000060416668467223644,0.0000446808059606701,0.0,0.0003321920790988952,0.0006771992915682494,0.0004727164702769369,0.0008643539921194315,0.0,0.0,0.0,0.0,0.0
2015-01-01T10:15:00.000+01:00,-4.081457394278232e-14,-5.435651928564766e-13,0.02233210748989285,148.97218047900817,0.9400019165182371,69.99999999999996,9.964650514923449,69.99999999999977,0.0,1.9888096839684713,0.00040234167217131466,0.0,0.0,0.0,0.0020849344767164439,327.26988516552526,0.0,0.0,0.0002067032510228455,0.000145114133907482,0.000060416668467223644,0.00004095740094780921,0.0,0.0003045093722641468,0.0006771992915682494,0.0004296355567127466,0.0007104510270059109,0.0,0.0,0.0,0.0,0.0
2015-01-01T10:30:00.000+01:00,-4.1119885274554238e-14,-6.323830348264892e-13,0.0228056601224389,149.10983268267129,0.9385184260749142,69.99999999999997,9.963582615972323,69.99999999999977,0.0,1.9914245373550255,0.0003986545928826672,0.0,0.0,0.0,0.0020778367619030178,317.043916362757,0.0,0.0,0.00021724223308265206,0.00015993964495137334,0.000060416668467223644,0.000042671349365264175,0.0,0.0003172522061504424,0.0007463850097730756,0.0004131359640788286,0.0005943463185802102,0.0,0.0,0.0,0.0,0.0
2015-01-01T10:45:00.000+01:00,-4.0523140398818216e-14,-4.334310688136611e-13,0.023262521626531714,149.28080374248018,0.9369044225632189,69.99999999999997,9.962597538155516,69.99999999999976,0.0,2.0,0.00040610645757842577,0.0,0.0,0.0,0.002142219824409112,309.70998425134897,0.0,0.0,0.00022967027891427274,0.0001765555144753307,0.000060416668467223644,0.00004550822491757571,0.0,0.000338343759169802,0.00082392573421821,0.0003964448356255889,0.0005282163127139211,0.0,0.0,0.0,0.0,0.0
2015-01-01T11:00:00.000+01:00,-4.1661118999059e-14,-4.440892098500626e-13,0.023706032609512666,149.47585050434334,0.9352048989216775,69.99999999999997,9.961612090952363,69.99999999999976,0.0,2.0,0.00041952669448364755,0.0,0.0,0.0,0.002241459861714393,309.0456528755735,0.0,0.0,0.00023563575299456713,0.00018362276902422306,0.000060416668467223644,0.00005019203027710318,0.0,0.00037316683379933234,0.0008569062554463744,0.000383094314513728,0.0005419362201727927,0.0,0.0,0.0,0.0,0.0
2015-01-01T11:15:00.000+01:00,-4.1619485635635558e-14,-3.979039320256561e-13,0.0241260155067375,149.71704209259813,0.9335730280792411,69.99999999999997,9.960597864676667,69.99999999999975,0.0,2.0,0.0004134526747082418,0.0,0.0,0.0,0.0022261142209079114,314.39772294765887,0.0,0.0,0.00022010068563744424,0.0001644626690726727,0.000060416668467223644,0.000056885287305340165,0.0,0.00042292974474839864,0.0007674924556724726,0.0003595662287576124,0.0005942433784715831,0.0,0.0,0.0,0.0,0.0
2015-01-01T11:30:00.000+01:00,-4.1425196606326156e-14,-5.080380560684716e-13,0.024514028986069939,150.02164186463257,0.9321213867430274,69.99999999999997,9.95954306377306,69.99999999999976,0.0,2.0,0.000391631599971879,0.0,0.0,0.0,0.0021184287604875866,324.1472443649411,0.0,0.0,0.00018791204089298842,0.0001311680818721652,0.000060416668467223644,0.00006170206420123576,0.0,0.0004587414338439703,0.0006121177154034376,0.00032759681086521594,0.0006667874242737889,0.0,0.0,0.0,0.0,0.0
2015-01-01T11:45:00.000+01:00,-4.095335182086046e-14,-3.161915174132446e-13,0.024877975588200247,150.3702625910626,0.9308964498832427,69.99999999999996,9.958482403225846,69.99999999999975,0.0,2.0,0.0003571245948434807,0.0,0.0,0.0,0.0019216508048679679,333.8711663217593,0.0,0.0,0.000161564595811069,0.00009187419989146291,0.000060416668467223644,0.00006434686264023183,0.0,0.00047840493528172374,0.0004287462661601603,0.0003035299336630851,0.0006967139450833202,0.0,0.0,0.0,0.0,0.0
2015-01-01T12:00:00.000+01:00,-4.238276396506535e-14,-2.7000623958883807e-13,0.025235097255345067,150.723896933933,0.9298580532070974,69.99999999999995,9.957427109882119,69.99999999999973,0.0,2.0,0.0003271390656052972,0.0,0.0,0.0,0.001736568352729082,342.2218186506829,0.0,0.0,0.00013931839779950678,0.000057448859391734,0.000060416668467223644,0.00006799638691358268,0.0,0.0005055383548792452,0.0002680946771614253,0.0002967049986775964,0.0006981716765835881,0.0,0.0,0.0,0.0,0.0
2015-01-01T12:15:00.000+01:00,-4.3576253716537397e-14,-3.659295089164516e-13,0.025588147896632185,151.0765820915632,0.9289622982443522,69.99999999999995,9.956476557372339,69.99999999999973,0.0,2.0,0.0002884855425822025,0.0,0.0,0.0,0.0014932568312389778,342.32615708593667,0.0,0.0,0.00012925166658125817,0.00003919965344946831,0.000060416668467223644,0.0000645389397535473,0.0,0.00047983298686333,0.0001829317160975188,0.0002926339728198945,0.000597501868493855,0.0,0.0,0.0,0.0,0.0
2015-01-01T12:30:00.000+01:00,-4.456157665089222e-14,-2.5579538487363607e-13,0.025952453708268334,151.3951990848631,0.9281418327322023,69.99999999999993,9.955636685326637,69.99999999999972,0.0,2.0,0.00025942774341456245,0.0,0.0,0.0,0.0012960317462170496,336.448386988945,0.0,0.0,0.0001343471794668585,0.00002804911520797759,0.000060416668467223644,0.00006249993283301591,0.0,0.00046467341367155315,0.0001308958709705621,0.00030388914316892626,0.0004755662340670824,0.0,0.0,0.0,0.0,0.0
2015-01-01T12:45:00.000+01:00,-4.5047299224165729e-14,-2.3092638912203256e-13,0.02631460428568218,151.70963906352095,0.9273922541200242,69.99999999999995,9.954914387240655,69.99999999999972,0.0,2.0,0.00022998073408762138,0.0,0.0,0.0,0.0011097261207469274,328.4123192353212,0.0,0.0,0.00014093403570353982,0.00002242672772496007,0.000060416668467223644,0.00005709213958121835,0.0,0.000424467646451667,0.00010465806271648034,0.0003017339089466259,0.00036014750856906176,0.0,0.0,0.0,0.0,0.0
2015-01-01T13:00:00.000+01:00,-4.556077737305486e-14,-3.304023721284466e-13,0.026696870458546658,151.97258152501633,0.9266711176037522,69.99999999999995,9.954186379449608,69.99999999999972,0.0,2.0,0.00022642879801860541,0.0,0.0,0.0,0.0010668781344546006,327.7156535054229,0.0,0.0,0.00015137360024265945,0.00002110751326661557,0.000060416668467223644,0.000053368734568357464,0.0,0.0003967849396169185,0.00009850172857753932,0.00032184950439725067,0.00034574161818251017,0.0,0.0,0.0,0.0,0.0
2015-01-01T13:15:00.000+01:00,-4.54081217071689e-14,-2.7711166694643907e-13,0.027121044102922644,152.13967133062116,0.9259231132706384,69.99999999999996,9.953266402719219,69.99999999999972,0.0,2.0,0.00026062204117224607,0.0,0.0,0.0,0.0012438074191263877,340.87700867061406,0.0,0.0,0.00017051279686391353,0.000020008154001552608,0.000060416668467223644,0.000055023587262257925,0.0,0.0004090884096454829,0.00009337138534057885,0.00036375697590876365,0.0004958030860126018,0.0,0.0,0.0,0.0,0.0
2015-01-01T13:30:00.000+01:00,-4.574118861455645e-14,-2.913225216616411e-13,0.027556472894834918,152.27821081202519,0.9251948776386575,69.99999999999995,9.952164186503034,69.99999999999972,0.0,2.0,0.0002860081012760929,0.0,0.0,0.0,0.0013950230562547223,355.193505698987,0.0,0.0,0.0001744897594489157,0.000016961392345838245,0.000060416668467223644,0.00005425525910221039,0.0,0.0004033760568033904,0.00007915316428057849,0.00037501212344504887,0.0006667874242737889,0.0,0.0,0.0,0.0,0.0
2015-01-01T13:45:00.000+01:00,-4.5630166312093936e-14,-3.304023721284466e-13,0.028001600297779408,152.3925548589303,0.9244534431459082,69.99999999999995,9.950888438883809,69.99999999999972,0.0,2.0,0.00031518470499595423,0.0,0.0,0.0,0.001572054709029617,364.3796488621805,0.0,0.0,0.00017747248642146585,0.000016820045452332122,0.000060416668467223644,0.00005556141007691621,0.0,0.000413087005354464,0.00007849354544421658,0.0003847107344772666,0.000830620216280222,0.0,0.0,0.0,0.0,0.0
2015-01-01T14:00:00.000+01:00,-4.549138843401579e-14,-3.446132268436486e-13,0.028441818511748319,152.51324578892139,0.9236913554282931,69.99999999999995,9.949579922169212,69.99999999999972,0.0,2.0,0.000323531942533009,0.0,0.0,0.0,0.0016303862182423474,365.0395343785826,0.0,0.0,0.00017739792579784988,0.000021076100114732977,0.000060416668467223644,0.000055159519743174305,0.0,0.0004100990380905569,0.00009835513386875391,0.0003798015455016866,0.0008682985006272793,0.0,0.0,0.0,0.0,0.0
2015-01-01T14:15:00.000+01:00,-4.671263376110346e-14,-3.730349362740526e-13,0.02886557308597174,152.6631273286904,0.9228583966902786,69.99999999999993,9.948384731647423,69.99999999999972,0.0,2.0,0.0003168983218445646,0.0,0.0,0.0,0.0016043946855817922,355.37077324806787,0.0,0.0,0.0001656409859843552,0.00003924677317729219,0.000060416668467223644,0.000052748172814026466,0.0,0.0003921711978781968,0.0001831516081606969,0.00036333790575619784,0.0007714359475672245,0.0,0.0,0.0,0.0,0.0
2015-01-01T14:30:00.000+01:00,-4.730937863683948e-14,-3.979039320256561e-13,0.02926843376227338,152.84993988904257,0.9219501971960117,69.99999999999995,9.947406492443183,69.99999999999972,0.0,2.0,0.00029475604664185083,0.0,0.0,0.0,0.001483578022206202,338.2133435123952,0.0,0.0,0.00015037935456261038,0.000058736672988161436,0.000060416668467223644,0.00005038410739041864,0.0,0.00037459488538093866,0.0002741044739447534,0.0003424440078344196,0.0005753785279393196,0.0,0.0,0.0,0.0,0.0
2015-01-01T14:45:00.000+01:00,-4.854450175173497e-14,-4.227729277772596e-13,0.029659320894839804,153.05510710851935,0.9209435522630302,69.99999999999993,9.946688042560039,69.9999999999997,0.0,2.0,0.00026954606501967645,0.0,0.0,0.0,0.0013342076835595072,311.97439970663609,0.0,0.0,0.00014292251699604092,0.00007852495950646698,0.000060416668467223644,0.000049645339408889404,0.0,0.0003691023060400039,0.00036644981103017924,0.00033047046409919855,0.0003275627505779266,0.0,0.0,0.0,0.0,0.0
2015-01-01T15:00:00.000+01:00,-5.044575868140555e-14,-2.4868995751603507e-13,0.0300524111683961,153.25066611223364,0.9199260521736045,69.99999999999995,9.946108773170359,69.99999999999968,0.0,2.0,0.00024949523111063174,0.0,0.0,0.0,0.0012036792055517437,295.82784156829606,0.0,0.0,0.00013148870677687227,0.00007946725574322044,0.000060416668467223644,0.00005165479107759892,0.0,0.00038404214235953987,0.00037084719346836204,0.00033267360508907587,0.0001861791161261499,0.0,0.0,0.0,0.0,0.0
2015-01-01T15:15:00.000+01:00,-5.032085859113522e-14,-2.2737367544323206e-13,0.03048736102950908,153.36093470463238,0.9189355695014961,69.99999999999995,9.945508155445348,69.99999999999968,0.0,2.0,0.00024860943704989037,0.0,0.0,0.0,0.0011561505360063165,294.63227859344848,0.0,0.0,0.0001372056219540536,0.00006357380677945911,0.000060416668467223644,0.000058451474243775,0.0,0.0004345740041602403,0.0002966777649708092,0.00037453319264575837,0.00016566786389797926,0.0,0.0,0.0,0.0,0.0
2015-01-01T15:30:00.000+01:00,-5.1181281435219719e-14,-1.7053025658242404e-13,0.030984812934008983,153.35016037476979,0.9179701756788071,69.99999999999995,9.94475345533822,69.99999999999966,0.0,2.0,0.0002687646765338286,0.0,0.0,0.0,0.0012226420253165999,307.99242730699958,0.0,0.0,0.00014292251699604092,0.00004397397459251806,0.000060416668467223644,0.00006796683166176079,0.0,0.0005053186180070043,0.00020521188143175092,0.0004370352360326796,0.00025724820262752475,0.0,0.0,0.0,0.0,0.0
2015-01-01T15:45:00.000+01:00,-5.037636974236648e-14,-8.526512829121202e-14,0.03153913929672129,153.23452263944729,0.9170472450039886,69.99999999999995,9.943793534280149,69.99999999999966,0.0,2.0,0.00029419558326408153,0.0,0.0,0.0,0.001328525370177813,326.1657482864449,0.0,0.0,0.00015721477977000177,0.00001900304511655122,0.000060416668467223644,0.00007801409985870121,0.0,0.0005800178728625179,0.00008868087721057235,0.0004939096942450851,0.00040559469535946847,0.0,0.0,0.0,0.0,0.0
2015-01-01T16:00:00.000+01:00,-5.1181281435219719e-14,-3.552713678800501e-14,0.03211949614378772,153.07577524177044,0.9161434861070925,69.99999999999995,9.94268094802068,69.99999999999965,0.0,1.9996885833596617,0.0003150539306820974,0.0,0.0,0.0,0.001435988309298991,338.3063608473489,0.0,0.0,0.00015544998034834858,0.000011119136696797795,0.000060416668467223644,0.00008124696356244384,0.0,0.0006040535117033868,0.00005188930458505638,0.0005199401785992085,0.0005322294124029577,0.0,0.0,0.0,0.0,0.0
2015-01-01T16:15:00.000+01:00,-5.2360893398883948e-14,9.947598300641403e-14,0.03269118414719738,152.9380223095968,0.9152208011735353,69.99999999999995,9.941512958618901,69.99999999999963,0.0,1.999415275216945,0.00032666786489644433,0.0,0.0,0.0,0.00151898633192759,342.1343615697602,0.0,0.0,0.00015162215914577243,0.00001532807231415063,0.000060416668467223644,0.00008111693326383828,0.0,0.0006030867647007108,0.00007153100413270295,0.0005112713349424301,0.0005963013983704149,0.0,0.0,0.0,0.0,0.0
2015-01-01T16:30:00.000+01:00,-5.234701561107613e-14,2.842170943040401e-14,0.033226711939937998,152.8679129444121,0.9142189548041492,69.99999999999995,9.940371354028839,69.99999999999963,0.0,1.9990525497500816,0.00033491421241378704,0.0,0.0,0.0,0.0016079231667076235,338.8895234463322,0.0,0.0,0.00013869699550792572,0.00003505354618420824,0.000060416668467223644,0.00007878242309205232,0.0,0.0005857301890756934,0.0001635832155263051,0.00047511112427338955,0.0006060767973214388,0.0,0.0,0.0,0.0,0.0
2015-01-01T16:45:00.000+01:00,-5.417888360170764e-14,2.1316282072803007e-14,0.03375409777221419,152.81396986702246,0.9130702811526513,69.99999999999995,9.939264302204212,69.99999999999962,0.0,1.9986609307438097,0.0003524571056448622,0.0,0.0,0.0,0.0017283396438509225,330.7776765300569,0.0,0.0,0.00013732989637181163,0.00006124947387725114,0.000060416668467223644,0.0000787528776936233,0.0,0.0005855105254612863,0.0002858308780938387,0.00046696916380897156,0.0005796659923531115,0.0,0.0,0.0,0.0,0.0
2015-01-01T17:00:00.000+01:00,-5.505318423359995e-14,1.9184653865522705e-13,0.034283495141222707,152.75829742144053,0.9117463650140358,69.99999999999995,9.938217115626557,69.9999999999996,0.0,1.9982492809666795,0.0003704847994173178,0.0,0.0,0.0,0.0018417053472623228,320.60181041040337,0.0,0.0,0.00015211926688440142,0.00008116340207867323,0.000060416668467223644,0.00008439706861972808,0.0,0.0006274738579988479,0.0003787625430338084,0.0004689807005412876,0.0005177892086468637,0.0,0.0,0.0,0.0,0.0
2015-01-01T17:15:00.000+01:00,-5.664912983149861e-14,9.237055564881302e-14,0.034853985794821389,152.63628407840975,0.9102768510729453,69.99999999999993,9.937208274023878,69.9999999999996,0.0,1.9978190109069967,0.0003872430537143373,0.0,0.0,0.0,0.0019078648901730777,311.42773860005539,0.0,0.0,0.00016765434430912135,0.00008920434962958096,0.000060416668467223644,0.00009441479634493588,0.0,0.0007019534858688712,0.00041628696493804454,0.0005100739851314574,0.0004383509490825236,0.0,0.0,0.0,0.0,0.0
2015-01-01T17:30:00.000+01:00,-5.760669719023781e-14,-7.815970093361102e-14,0.03550914924196118,152.38104650644059,0.9085820986250047,69.99999999999995,9.936180420624876,69.9999999999996,0.0,1.9973463362807913,0.00042540716358489583,0.0,0.0,0.0,0.0020674423998035494,302.83836202271007,0.0,0.0,0.0002025586025416851,0.00009263601388782263,0.000060416668467223644,0.00011467473179101942,0.0,0.0008525817015767098,0.0004323013981431722,0.000594746778672561,0.00037268995186313984,0.0,0.0,0.0,0.0,0.0
2015-01-01T17:45:00.000+01:00,-5.857814233678482e-14,-4.973799150320701e-14,0.03623536704863572,152.02302004573847,0.9067644948627711,69.99999999999995,9.93511762585655,69.9999999999996,0.0,1.9968462670914582,0.0004500622703999397,0.0,0.0,0.0,0.002154180723885074,298.5161513880595,0.0,0.0,0.00023374521935358642,0.00009246604093350469,0.000060416668467223644,0.0001256563873775303,0.0,0.0009342279235459864,0.00043150819102302193,0.0006658011382073164,0.0003365769616514444,0.0,0.0,0.0,0.0,0.0
2015-01-01T18:00:00.000+01:00,-6.043776590303196e-14,-2.842170943040401e-14,0.03702476270349847,151.58234722198569,0.9047922945201867,69.99999999999995,9.933980188485453,69.99999999999959,0.0,1.9963063994328328,0.00048588089276308883,0.0,0.0,0.0,0.0023202420588210226,297.2374620884423,0.0,0.0,0.000263182148206979,0.00009977288972586393,0.000060416668467223644,0.00013558600606396792,0.0,0.001008052479866892,0.0004656068187206983,0.0007289789863955228,0.0003480417162366211,0.0,0.0,0.0,0.0,0.0
2015-01-01T18:15:00.000+01:00,-6.150635556423367e-14,7.105427357601002e-15,0.03784845047884772,151.1091899339378,0.9026248440895047,69.99999999999995,9.932725829555379,69.99999999999958,0.0,1.9957123353077016,0.0005346577126183546,0.0,0.0,0.0,0.0025981215854082256,299.82867609891766,0.0,0.0,0.00027608447853475805,0.00012134979774244129,0.000060416668467223644,0.00014270872814580796,0.0,0.0010610083701275289,0.0005662990561313926,0.0007632711068820208,0.00043067115472629665,0.0,0.0,0.0,0.0,0.0
2015-01-01T18:30:00.000+01:00,-6.145084441300241e-14,2.842170943040401e-14,0.038669423491742117,150.66009574992689,0.9003677019468884,69.99999999999995,9.931377749920586,69.99999999999958,0.0,1.9950864287491237,0.0005633159027202054,0.0,0.0,0.0,0.002784248764514923,303.6207790446847,0.0,0.0,0.000280118403583765,0.00014159128356724975,0.000060416668467223644,0.00013926537133753298,0.0,0.0010354077608138325,0.0006607593233138322,0.0007605563444271682,0.0005271066218987108,0.0,0.0,0.0,0.0,0.0
2015-01-01T18:45:00.000+01:00,-6.303291222309326e-14,1.4210854715202005e-14,0.03948217935335974,150.24116873455143,0.8980253082487828,69.99999999999995,9.929914727757636,69.99999999999956,0.0,1.9944257662732459,0.0005945962282901746,0.0,0.0,0.0,0.002992659999439493,308.2221381757347,0.0,0.0,0.0002827380326017737,0.0001633319048490375,0.000060416668467223644,0.0001344561273604631,0.0,0.0009996520773321392,0.0007622155559621751,0.000752339193150401,0.0006502663013339043,0.0,0.0,0.0,0.0,0.0
2015-01-01T19:00:00.000+01:00,-6.314393452555578e-14,3.552713678800501e-14,0.040295692141905089,149.83811126526607,0.8956427917875818,69.99999999999996,9.928388523367948,69.99999999999956,0.0,1.9937471689033,0.00061073763295135,0.0,0.0,0.0,0.0030952080623432994,310.1128331772094,0.0,0.0,0.00027917186824604867,0.0001834466674737632,0.000060416668467223644,0.00012612221637740728,0.0,0.0009376912608928978,0.0008560844482108951,0.0007530961200781166,0.0007126916011422873,0.0,0.0,0.0,0.0,0.0
2015-01-01T19:15:00.000+01:00,-6.522560269672795e-14,-7.105427357601002e-15,0.041099812192722819,149.46345000834263,0.8933223734100073,69.99999999999996,9.926885592025118,69.99999999999955,0.0,1.993083392910174,0.000597398393813637,0.0,0.0,0.0,0.003019229669589549,310.0246006990761,0.0,0.0,0.0002737347416579723,0.00018679211625829338,0.000060416668467223644,0.00011715713646262883,0.0,0.0008710378406569362,0.0008716965425387025,0.0007437033823505044,0.0006988112920150162,0.0,0.0,0.0,0.0,0.0
2015-01-01T19:30:00.000+01:00,-6.714073741420634e-14,2.842170943040401e-14,0.041909163799436429,149.0964142134243,0.8910443764856181,69.99999999999996,9.925428916461842,69.99999999999953,0.0,1.9924350122699544,0.0005835425761979423,0.0,0.0,0.0,0.002925320880953222,307.8752539969787,0.0,0.0,0.00028145868264138694,0.00018630431933328506,0.000060416668467223644,0.00011153977632522581,0.0,0.000829273989200592,0.0008694201568886637,0.0007489349382463842,0.0006473239565640688,0.0,0.0,0.0,0.0,0.0
2015-01-01T19:45:00.000+01:00,-6.841749389252527e-14,2.1316282072803007e-14,0.04272321086250398,148.73737964459574,0.8888490925967602,69.99999999999996,9.924021180865712,69.99999999999952,0.0,1.9918094880538105,0.0005629717945295851,0.0,0.0,0.0,0.00278897242192179,305.9066281771796,0.0,0.0,0.00028681979887187475,0.0001845182650722563,0.000060416668467223644,0.00010229790475219488,0.0,0.0007605626831576228,0.0008610852370038628,0.0007536303946003317,0.0005936885330639779,0.0,0.0,0.0,0.0,0.0
2015-01-01T20:00:00.000+01:00,-6.997180612700049e-14,-8.526512829121202e-14,0.043524022015697928,148.40800807512754,0.8868392345741298,69.99999999999996,9.92269013182675,69.99999999999952,0.0,1.991229469466728,0.000522016728374001,0.0,0.0,0.0,0.0025400959083996716,304.87280379398336,0.0,0.0,0.00027617879178375,0.00016994774077087638,0.000060416668467223644,0.00009136477712541818,0.0,0.0006792772560194135,0.0007930894569307566,0.000740394484726712,0.0005302378857694566,0.0,0.0,0.0,0.0,0.0
2015-01-01T20:15:00.000+01:00,-7.213674102501955e-14,-3.552713678800501e-14,0.04429128410518323,148.13075211840528,0.8849564403386043,69.99999999999996,9.921440021850604,69.9999999999995,0.0,1.9906855624855349,0.0004895162830740446,0.0,0.0,0.0,0.002365642122188583,303.85649489620007,0.0,0.0,0.00025960805058479307,0.00016260357418097554,0.000060416668467223644,0.00008319905370473861,0.0,0.0006185668775439263,0.0007588166795112193,0.0007068454210180789,0.00048284788666293026,0.0,0.0,0.0,0.0,0.0
2015-01-01T20:30:00.000+01:00,-7.330247520087596e-14,2.1316282072803007e-14,0.044995844037869627,147.93660348532624,0.883198892714195,69.99999999999996,9.92028857081563,69.99999999999949,0.0,1.9901805279960586,0.0004545310405286727,0.0,0.0,0.0,0.002204438726697117,303.5803987131683,0.0,0.0,0.00024027556616812944,0.00015313504608348012,0.000060416668467223644,0.00007700338316150008,0.0,0.0005725034139398485,0.0007146302150562405,0.0006441432642191648,0.00044689110228791836,0.0,0.0,0.0,0.0,0.0
2015-01-01T20:45:00.000+01:00,-7.360778653264788e-14,1.4210854715202005e-14,0.04563482813771037,147.82423907827087,0.881591091951849,69.99999999999996,9.919241819148528,69.99999999999949,0.0,1.9897196681992793,0.0004147738171013771,0.0,0.0,0.0,0.002015568329608068,303.6216169668124,0.0,0.0,0.00020970818711444733,0.00014213779921643435,0.000060416668467223644,0.00007026204157620668,0.0,0.0005223830047622323,0.0006633097296766937,0.0005785674313735216,0.0004077675672620535,0.0,0.0,0.0,0.0,0.0
2015-01-01T21:00:00.000+01:00,-7.388534228880417e-14,-4.263256414560601e-14,0.04623091665473921,147.76388974896279,0.8801307361711189,69.99999999999997,9.918286082640253,69.99999999999949,0.0,1.989300207732438,0.00037751442015724024,0.0,0.0,0.0,0.0018200037719774993,302.5932094783462,0.0,0.0,0.00019112644340842962,0.0001317389589641243,0.000060416668467223644,0.00006197060364298521,0.0,0.00046073796621523794,0.0006147818084992468,0.0005356718485616147,0.00035964799124747515,0.0,0.0,0.0,0.0,0.0
2015-01-01T21:15:00.000+01:00,-7.457923167919489e-14,-4.973799150320701e-14,0.0468157171966896,147.7177848524041,0.8787616542311945,69.99999999999997,9.917409817776978,69.99999999999949,0.0,1.9889103905791046,0.0003508354379999219,0.0,0.0,0.0,0.0016605462612491102,298.657424918569,0.0,0.0,0.00017059766670688987,0.00012524156553670764,0.000060416668467223644,0.00005794838956557214,0.0,0.00043083367894403634,0.0005844606391713023,0.0005243838734831661,0.00029146432132460176,0.0,0.0,0.0,0.0,0.0
2015-01-01T21:30:00.000+01:00,-7.532863222081687e-14,-9.947598300641403e-14,0.04738206090361035,147.693335342401,0.8775151766429097,69.99999999999996,9.916618936109236,69.99999999999949,0.0,1.9885566823749333,0.0003183373837542604,0.0,0.0,0.0,0.0014710155491065233,294.457216745092,0.0,0.0,0.00015532025936059653,0.00011402589594013987,0.000060416668467223644,0.000052758986912667744,0.0,0.0003922515983507037,0.0005321208477206529,0.0005059270384535193,0.00022453796082176267,0.0,0.0,0.0,0.0,0.0
2015-01-01T21:45:00.000+01:00,-7.649436639667329e-14,-9.947598300641403e-14,0.04797745189810327,147.63757540299424,0.8763674426229486,69.99999999999995,9.915827070761008,69.99999999999948,0.0,1.9882199463735116,0.0003030624012797489,0.0,0.0,0.0,0.0013442083736974747,292.86757071001377,0.0,0.0,0.00015661750950850546,0.000104354337612167,0.000060416668467223644,0.000047396036451682444,0.0,0.00035237922753207385,0.0004869869088567793,0.0005349743260256945,0.0001964743537362665,0.0,0.0,0.0,0.0,0.0
2015-01-01T22:00:00.000+01:00,-7.78543896018391e-14,-9.947598300641403e-14,0.04862375961956723,147.52811957436632,0.8752594176668863,69.99999999999995,9.9150009390617,69.99999999999948,0.0,1.9878841552875098,0.0003022119774017483,0.0,0.0,0.0,0.0012878489339072258,290.9402350079423,0.0,0.0,0.0001809909505024552,0.00009697451373562216,0.000060416668467223644,0.00004475654899142682,0.0,0.00033275521206669505,0.0004525477307662367,0.0005858910529967398,0.00017982397784478964,0.0,0.0,0.0,0.0,0.0
2015-01-01T22:15:00.000+01:00,-7.821521208484228e-14,-3.552713678800501e-14,0.04935167359956696,147.3348528751103,0.8741273985393442,69.99999999999993,9.914053240198161,69.99999999999946,0.0,1.9875230931362805,0.0003249559361065621,0.0,0.0,0.0,0.0013518040110822767,293.95221003327085,0.0,0.0,0.0002468716745264828,0.0000885578537452966,0.000060416668467223644,0.00004544510900974273,0.0,0.00033787450611591334,0.00041326998414471745,0.0006674973115324974,0.0002197848835401237,0.0,0.0,0.0,0.0,0.0
2015-01-01T22:30:00.000+01:00,-7.83262343873048e-14,7.105427357601002e-15,0.05015886889985918,147.0647804022364,0.8729549106032265,69.99999999999993,9.912966485164523,69.99999999999946,0.0,1.987130863454031,0.0003530067140243773,0.0,0.0,0.0,0.001452047669463791,298.31937045113826,0.0,0.0,0.0003170961438305676,0.00008236734348814933,0.000060416668467223644,0.00004607629272155463,0.0,0.0003425672197993845,0.00038438093627803023,0.0007467786318249999,0.0002795597333461046,0.0,0.0,0.0,0.0,0.0
2015-01-01T22:45:00.000+01:00,-7.877032359715486e-14,-9.947598300641403e-14,0.051041799872137309,146.72639716137639,0.8717358194004794,69.99999999999993,9.91175262809141,69.99999999999946,0.0,1.986708476600583,0.0003801481681031873,0.0,0.0,0.0,0.001550017303582281,301.57245680399759,0.0,0.0,0.00038370080862194295,0.00007273087983950972,0.000060416668467223644,0.000050178974531590936,0.0,0.00037306976716965437,0.0003394107725843787,0.0008225143038108944,0.0003309261008352041,0.0,0.0,0.0,0.0,0.0
2015-01-01T23:00:00.000+01:00,-7.954747971439247e-14,-7.815970093361102e-14,0.051969660822331609,146.3550846264664,0.8705337298842429,69.99999999999993,9.910469781252374,69.99999999999946,0.0,1.9862770640389036,0.00038827130551144365,0.0,0.0,0.0,0.00155707540507894,303.73952972631516,0.0,0.0,0.00042544940188527105,0.00006001440881285816,0.000060416668467223644,0.000051756931347772474,0.0,0.0003848015330638737,0.0002800672411266714,0.0008674442817270755,0.00035498588884249325,0.0,0.0,0.0,0.0,0.0
2015-01-01T23:15:00.000+01:00,-8.057443601217074e-14,-7.105427357601002e-14,0.0529190858405006,145.97601752215014,0.8693425445686424,69.99999999999992,9.909238881743724,69.99999999999945,0.0,1.9858565632013599,0.000378450753789366,0.0,0.0,0.0,0.0014726598060829566,296.67458218164878,0.0,0.0,0.0004370931416377425,0.00005400687702465802,0.000060416668467223644,0.0000531197097711265,0.0,0.00039493349438533186,0.00025203209278173744,0.0008890083497017622,0.0002814744904823601,0.0,0.0,0.0,0.0,0.0
2015-01-01T23:30:00.000+01:00,-8.12128142513302e-14,-8.526512829121202e-14,0.05386424889012397,145.61431693115703,0.8682492365016419,69.99999999999993,9.908090961473507,69.99999999999945,0.0,1.985467461059482,0.00035019192769032085,0.0,0.0,0.0,0.0012960652875946835,290.3628466787195,0.0,0.0,0.0004224310960248112,0.00003713495016563683,0.000060416668467223644,0.00005458890976384281,0.0,0.0004058566769398749,0.0001732964341063052,0.0008847463811561465,0.0002027572205942124,0.0,0.0,0.0,0.0,0.0
2015-01-01T23:45:00.000+01:00,-8.321121569565548e-14,6.394884621840902e-14,0.05479000166879193,145.28289830614515,0.8672899957976725,69.99999999999993,9.90702999804446,69.99999999999942,0.0,1.9851167311752776,0.0003156568957841955,0.0,0.0,0.0,0.0010944513543508948,284.7334968366876,0.0,0.0,0.00038376846287399525,0.00002063650716561824,0.000060416668467223644,0.000054362045247107736,0.0,0.0004041699885763228,0.00009630370010621844,0.0008653361102007328,0.00013521065038163215,0.0,0.0,0.0,0.0,0.0