Time,Water_balance,Pollutant_balance,BW_V,BW_c,GW_V,GW_c,PGW_V,PGW_c,PW_V,PW_c,RW_V,RW_c,Q_MBRBW,Q_MBRGW,Q_ROGWBW,Q_ROPW,C_battery_charge,E_use_renewable,E_use_grid,Q_Infiltration,c_Infiltration,Q_Truck,c_Truck,Q_CityWater,Q_Roof,Q_BS,Q_BT,Q_CL,Q_DW,Q_GA,Q_KS,Q_SH,Q_TL,Q_WM,Q_RWPW_Treat,Q_CWPW_Fill,Q_RW_infil_Purge,Q_RW_infil_Infiltrate,Q_GW_infil_Treat,Q_BW_infil_Treat,Q_Purge_Purge,Q_Purge_Infiltrate,Q_GWPGW_emptyGW_Treat,Q_GWPGW_emptyGW_Treat,Q_GWPGW_refillPGW_Treat,Q_GWPGW_refillPGW_Treat,Q_BWPGW_Treat,Q_BWPGW_Treat,Q_RWPGW_Treat,Q_RainRefillControl_Tap,Q_GW_empty_Truck,Q_BW_empty_Truck
2015-01-01T00:00:00.000+01:00,-1.0061396160665481e-16,-8.3995310706797e-15,0.0008798876606486737,127.61543354383953,0.0008344721334730274,249.6736682419102,0.999005039539754,70.0,0.9992806006661245,70.0,10.0,70.0,0.0,0.0,0.0,0.0,1.9997023680912983,0.0002678687178315158,0.0,0.0,0.0,0.0,0.0,0.0,0.0,0.00032437199620530006,0.000010930670758243648,0.000060416668467223644,0.00005313233196735381,0.0,0.0003950273376703262,0.0000510097968718037,0.00081947099218145,0.0,0.0,0.0,0.0,0.0,0.0,0.0,0.0,0.0,0.0,0.0,0.0,0.0,0.0,0.0,0.0,0.0,0.0,0.0
2015-01-01T00:15:00.000+01:00,2.949029909160572e-17,-7.979727989493313e-15,0.001634771234523505,130.10939869246719,0.0015653949720924718,249.43929448319885,0.9981346338209369,70.0,0.9986651999724471,70.00000000000002,10.0,70.0,0.0,0.0,0.0,0.0,1.999444415589129,0.00023215725195223057,0.0,0.0,0.0,0.0,0.0,0.0,0.0,0.0002858450541272759,0.000012563990789931268,0.000060416668467223644,0.000044326197132468216,0.0,0.00032955563955008985,0.000058631957019679245,0.0006944669054076075,0.0,0.0,0.0,0.0,0.0,0.0,0.0,0.0,0.0,0.0,0.0,0.0,0.0,0.0,0.0,0.0,0.0,0.0,0.0
2015-01-01T00:30:00.000+01:00,8.326672684688674e-17,9.256484467812243e-15,0.0022684823048952967,132.95213759437613,0.00217636260965839,248.86202721714637,0.9973515263080317,69.99999999999999,0.9982036287774145,70.0,10.0,70.0,0.0,0.0,0.0,0.0,1.9992283255356678,0.00019448104811526718,0.0,0.0,0.0,0.0,0.0,0.0,0.0,0.00024010983338579534,0.00002110751326661557,0.000060416668467223644,0.000029787200689315794,0.0,0.0002214613616466522,0.00009850172857753932,0.000573294401904568,0.0,0.0,0.0,0.0,0.0,0.0,0.0,0.0,0.0,0.0,0.0,0.0,0.0,0.0,0.0,0.0,0.0,0.0,0.0
2015-01-01T00:45:00.000+01:00,6.418476861114186e-17,8.923417560424696e-15,0.0027982627911679448,136.02247667732918,0.0026780075309844684,248.12522319507048,0.9966432265324099,69.99999999999999,0.9978805031454376,70.0,10.0,70.0,0.0,0.0,0.0,0.0,1.9990492586246265,0.000161160219937301,0.0,0.0,0.0,0.0,0.0,0.0,0.0,0.00020009151775389909,0.000028583089630119503,0.000060416668467223644,0.00001654844811186194,0.0,0.00012303411422297358,0.00013338775160722432,0.00046936381780542433,0.0,0.0,0.0,0.0,0.0,0.0,0.0,0.0,0.0,0.0,0.0,0.0,0.0,0.0,0.0,0.0,0.0,0.0,0.0
2015-01-01T01:00:00.000+01:00,6.071532165918825e-17,2.2967738821932927e-14,0.003211061543901451,139.68602848244258,0.0030625645869132129,247.38740338035479,0.9960510386238644,69.99999999999997,0.9976753352453209,70.00000000000002,10.0,70.0,0.0,0.0,0.0,0.0,1.9989108287967339,0.00012458684510347666,0.0,0.0,0.0,0.0,0.0,0.0,0.0,0.00015771188750863074,0.00003053050294518471,0.000060416668467223644,0.000006382972456049173,0.0,0.000047456012608017773,0.00014247568041086196,0.0003523820842662826,0.0,0.0,0.0,0.0,0.0,0.0,0.0,0.0,0.0,0.0,0.0,0.0,0.0,0.0,0.0,0.0,0.0,0.0,0.0
2015-01-01T01:15:00.000+01:00,6.158268339717665e-17,3.0683788843077767e-14,0.0035171758034080269,143.95618381223466,0.0033260619464356565,246.7730659504065,0.9955989451489576,69.99999999999997,0.9975578171011986,70.0,10.0,70.0,0.0,0.0,0.0,0.0,1.9988119378906527,0.00008900181547328429,0.0,0.0,0.0,0.0,0.0,0.0,0.0,0.0001133437759708613,0.00002566195600200444,0.000060416668467223644,5.614647221227642e-7,0.0,0.000004174368151434465,0.00011975579467602073,0.0002456975910393521,0.0,0.0,0.0,0.0,0.0,0.0,0.0,0.0,0.0,0.0,0.0,0.0,0.0,0.0,0.0,0.0,0.0,0.0,0.0
2015-01-01T01:30:00.000+01:00,1.0928757898653885e-16,3.36952687973735e-14,0.003718521372729447,149.02293076133808,0.003479196229122171,246.4370812646827,0.9953114524649889,69.99999999999997,0.9974908299331594,70.0,10.0,70.0,0.0,0.0,0.0,0.0,1.998750396249679,0.00005538747687623981,0.0,0.0,0.0,0.0,0.0,0.0,0.0,0.00006698716803919523,0.0000152024319965858,0.000060416668467223644,0.0,0.0,0.0,0.00007094468265073373,0.00014092890085419638,0.0,0.0,0.0,0.0,0.0,0.0,0.0,0.0,0.0,0.0,0.0,0.0,0.0,0.0,0.0,0.0,0.0,0.0,0.0
2015-01-01T01:45:00.000+01:00,1.1796119636642289e-16,3.6887159993170829e-14,0.003871134524147492,154.30647430187387,0.0035717796234021076,246.21493328790155,0.9951114939970571,69.99999999999997,0.9974455918553932,70.0,10.0,70.0,0.0,0.0,0.0,0.0,1.99870782740494,0.000038311960265309604,0.0,0.0,0.0,0.0,0.0,0.0,0.0,0.00004523807776626199,0.000008355055855354293,0.000060416668467223644,0.0,0.0,0.0,0.00003899026065832004,0.00009219648295082152,0.0,0.0,0.0,0.0,0.0,0.0,0.0,0.0,0.0,0.0,0.0,0.0,0.0,0.0,0.0,0.0,0.0,0.0,0.0
2015-01-01T02:00:00.000+01:00,7.719519468096792e-17,4.193867475521529e-14,0.003964598230469856,160.14689324945079,0.0035871904024985265,246.12443710644588,0.9950180302907348,69.99999999999997,0.9974301810762968,69.99999999999999,10.0,70.0,0.0,0.0,0.0,0.0,1.9986889255845549,0.000017011638346684773,0.0,0.0,0.0,0.0,0.0,0.0,0.0,0.00001541077909641899,0.0,0.000060416668467223644,0.0,0.0,0.0,0.0,0.00003304703785513993,0.0,0.0,0.0,0.0,0.0,0.0,0.0,0.0,0.0,0.0,0.0,0.0,0.0,0.0,0.0,0.0,0.0,0.0,0.0
2015-01-01T02:15:00.000+01:00,1.9081958235744879e-17,5.4012350148013868e-14,0.004025015388837077,166.29890136947464,0.003587192111398516,246.1244585117098,0.9949576120329675,69.99999999999997,0.9974301804667969,69.99999999999997,10.0,70.0,0.0,0.0,0.0,0.0,1.9986784361978767,0.000009440448010501606,0.0,0.0,0.0,0.0,0.0,0.0,0.0,2.1619999868605076e-10,1.1729999928711264e-10,0.000060416668467223644,5.289999967850178e-11,0.0,3.9329999760973066e-10,5.473999966731924e-10,4.89899997022647e-10,3.817999976796216e-10,0.0,0.0,0.0,0.0,0.0,0.0,0.0,0.0,0.0,0.0,0.0,0.0,0.0,0.0,0.0,0.0,0.0,0.0
2015-01-01T02:30:00.000+01:00,-3.8163916471489759e-17,6.608602554081244e-14,0.004085432547204298,172.2689523309507,0.003587193820298506,246.12447991695337,0.9948971937752003,69.99999999999997,0.997430179857297,69.99999999999996,10.0,70.0,0.0,0.0,0.0,0.0,1.9986679468111986,0.000009440448010501606,0.0,0.0,0.0,0.0,0.0,0.0,0.0,2.1619999868605076e-10,1.1729999928711264e-10,0.000060416668467223644,5.289999967850178e-11,0.0,3.9329999760973066e-10,5.473999966731924e-10,4.89899997022647e-10,3.817999976796216e-10,0.0,0.0,0.0,0.0,0.0,0.0,0.0,0.0,0.0,0.0,0.0,0.0,0.0,0.0,0.0,0.0,0.0,0.0
2015-01-01T02:45:00.000+01:00,1.2663481374630693e-16,7.754907827006718e-14,0.004182248883185429,177.34206520987338,0.0036059120255898765,246.1738282763236,0.9947971185038461,69.99999999999997,0.9974147205873785,69.99999999999996,10.0,70.0,0.0,0.0,0.0,0.0,1.9986478887311166,0.000018052272073828137,0.0,0.0,0.0,0.0,0.0,0.0,0.0,0.0000044740860542515299,3.1436400400707495e-7,0.000060416668467223644,0.00000147753935016226,0.0,0.000010985183864249849,0.000001467032018699683,0.00003639966751390602,0.0,0.0,0.0,0.0,0.0,0.0,0.0,0.0,0.0,0.0,0.0,0.0,0.0,0.0,0.0,0.0,0.0,0.0,0.0
2015-01-01T03:00:00.000+01:00,1.3877787807814457e-16,1.0443035325380379e-13,0.00429654661252488,181.83088103770585,0.0036331773072129896,246.21594186511363,0.9946807817705113,69.99999999999996,0.9973894943097507,69.99999999999995,10.0,70.0,0.0,0.0,0.0,0.0,1.9986233118194912,0.000022119220462900556,0.0,0.0,0.0,0.0,0.0,0.0,0.0,0.000010066726184450089,0.0,0.000060416668467223644,0.0000020390039953053929,0.0,0.000015159551443357488,0.0,0.000053881060872226945,0.0,0.0,0.0,0.0,0.0,0.0,0.0,0.0,0.0,0.0,0.0,0.0,0.0,0.0,0.0,0.0,0.0,0.0,0.0
2015-01-01T03:15:00.000+01:00,1.0755285551056204e-16,1.0486056467584604e-13,0.004407970688630348,186.14644213568398,0.00366558512954003,246.32779208599869,0.9945658445653707,69.99999999999996,0.9973605996164588,69.99999999999996,10.0,70.0,0.0,0.0,0.0,0.0,1.998598341003791,0.00002247373413007949,0.0,0.0,0.0,0.0,0.0,0.0,0.0,0.000010439562651445156,0.0,0.000060416668467223644,0.000002482269033498596,0.0,0.000018455130640359132,0.0,0.00005100740763824432,0.0000010308600017378922,0.0,0.0,0.0,0.0,0.0,0.0,0.0,0.0,0.0,0.0,0.0,0.0,0.0,0.0,0.0,0.0,0.0,0.0
2015-01-01T03:30:00.000+01:00,1.3010426069826054e-16,1.0455525334407412e-13,0.004516521111501834,190.30980863406809,0.0037041137968202915,246.49864791379043,0.9944525601871036,69.99999999999996,0.9973268049045742,69.99999999999996,10.0,70.0,0.0,0.0,0.0,0.0,1.998572806439529,0.000022981107836210412,0.0,0.0,0.0,0.0,0.0,0.0,0.0,0.000010066726184450089,0.0,0.000060416668467223644,0.0000031914834567578507,0.0,0.000023727985700243153,0.0,0.000048133754404261704,0.000001542471938810195,0.0,0.0,0.0,0.0,0.0,0.0,0.0,0.0,0.0,0.0,0.0,0.0,0.0,0.0,0.0,0.0,0.0,0.0
2015-01-01T03:45:00.000+01:00,1.8041124150158795e-16,1.2791157022462585e-13,0.004607111161738622,194.66477131357517,0.003733631503947161,246.64658513223896,0.9943580581059333,69.99999999999995,0.9973011992283808,69.99999999999995,10.0,70.0,0.0,0.0,0.0,0.0,1.9985519543983202,0.000018766837088071493,0.0,0.0,0.0,0.0,0.0,0.0,0.0,0.000006711150789633393,0.0,0.000060416668467223644,0.000002541368913953192,0.0,0.00001889452540373895,0.0,0.000030173381769563998,0.0000013706620195443975,0.0,0.0,0.0,0.0,0.0,0.0,0.0,0.0,0.0,0.0,0.0,0.0,0.0,0.0,0.0,0.0,0.0,0.0
2015-01-01T04:00:00.000+01:00,1.1796119636642289e-16,1.2990997166895113e-13,0.0046823750328782369,199.1916964034686,0.003749075579498802,246.69278505461754,0.9942813757953239,69.99999999999993,0.9972871735922989,69.99999999999995,10.0,70.0,0.0,0.0,0.0,0.0,1.9985362064909085,0.000014173116670508534,0.0,0.0,0.0,0.0,0.0,0.0,0.0,0.000003479846981063019,0.0,0.000060416668467223644,0.000001418439469707664,0.0,0.000010545789100870025,0.0,0.000014847202672390266,0.0,0.0,0.0,0.0,0.0,0.0,0.0,0.0,0.0,0.0,0.0,0.0,0.0,0.0,0.0,0.0,0.0,0.0,0.0
2015-01-01T04:15:00.000+01:00,1.6306400674181987e-16,1.2408130078966906e-13,0.004789488626281138,202.85337552745239,0.003860742456478672,246.84178214630084,0.9940996679103729,69.99999999999993,0.9972501010068672,69.99999999999996,10.0,70.0,0.0,0.0,0.0,0.0,1.998498223770356,0.000034184448497308035,0.0,0.0,0.0,0.0,0.0,0.0,0.0,0.00001180663850624114,0.000012563990789931268,0.000060416668467223644,0.0000033983437385177234,0.0,0.00002526594692550134,0.000058631957019679245,0.00004669692493567709,0.0,0.0,0.0,0.0,0.0,0.0,0.0,0.0,0.0,0.0,0.0,0.0,0.0,0.0,0.0,0.0,0.0,0.0,0.0
2015-01-01T04:30:00.000+01:00,-1.3877787807814458e-17,1.196126531155528e-13,0.00490354689592413,206.19714861295973,0.0040644727530865,246.98636966871977,0.9938126116759068,69.99999999999993,0.9972193686750825,69.99999999999995,10.0,70.0,0.0,0.0,0.0,0.0,1.9984430521442709,0.000049654463476690575,0.0,0.0,0.0,0.0,0.0,0.0,0.0,0.000014913648705696686,0.000030153583358041937,0.000060416668467223644,0.0000021276591275818644,0.0,0.00001581868307897821,0.00014071672233752905,0.000053641601175768296,0.0,0.0,0.0,0.0,0.0,0.0,0.0,0.0,0.0,0.0,0.0,0.0,0.0,0.0,0.0,0.0,0.0,0.0,0.0
2015-01-01T04:45:00.000+01:00,-4.85722573273506e-17,1.4160894679093872e-13,0.0050262261309722568,209.19270352796469,0.004321266683525662,247.07925039143653,0.9934561746371494,69.99999999999992,0.9971963325483527,69.99999999999995,10.0,70.0,0.0,0.0,0.0,0.0,1.9983771713863739,0.00005929268210738883,0.0,0.0,0.0,0.0,0.0,0.0,0.0,0.000018642061196733264,0.00004114708042005077,0.000060416668467223644,5.910146623500623e-7,0.0,0.000004394065533124376,0.00019201970862690358,0.00006226256658090278,0.0,0.0,0.0,0.0,0.0,0.0,0.0,0.0,0.0,0.0,0.0,0.0,0.0,0.0,0.0,0.0,0.0,0.0,0.0
2015-01-01T05:00:00.000+01:00,-2.949029909160572e-17,1.5540346787190629e-13,0.005154892137887994,211.9095786759699,0.0045686240147693548,247.14904757071279,0.9931044302303029,69.9999999999999,0.9971720536170398,69.99999999999995,10.0,70.0,0.0,0.0,0.0,0.0,1.9983118895568326,0.00005875364658741092,0.0,0.0,0.0,0.0,0.0,0.0,0.0,0.000019884865779895335,0.00003926247975323349,0.000060416668467223644,5.910146623500623e-7,0.0,0.000004394065533124376,0.00018322490551508962,0.00006824933844851329,0.0,0.0,0.0,0.0,0.0,0.0,0.0,0.0,0.0,0.0,0.0,0.0,0.0,0.0,0.0,0.0,0.0,0.0,0.0
2015-01-01T05:15:00.000+01:00,-2.7755575615628916e-17,1.6496526367149045e-13,0.005296729061162671,214.19699463425062,0.004795651432373468,247.57673303620829,0.9927645274801846,69.99999999999989,0.9971430920262793,69.99999999999995,10.0,70.0,0.0,0.0,0.0,0.0,1.9982478506087634,0.000057635053262310963,0.0,0.0,0.0,0.0,0.0,0.0,0.0,0.000022370472429320213,0.00003298047753050923,0.000060416668467223644,8.865246878121979e-7,0.0,0.000006591118331125472,0.00015390889514237642,0.0000814202548074536,0.000010289929482969456,0.0,0.0,0.0,0.0,0.0,0.0,0.0,0.0,0.0,0.0,0.0,0.0,0.0,0.0,0.0,0.0,0.0,0.0
2015-01-01T05:30:00.000+01:00,6.591949208711867e-17,1.790234627208065e-13,0.005462513128939657,215.83304651618145,0.004988587247521408,248.21933411783204,0.9924576052850517,69.99999999999987,0.9970912943384872,69.99999999999995,10.0,70.0,0.0,0.0,0.0,0.0,1.9981855728513112,0.000056049981707019473,0.0,0.0,0.0,0.0,0.0,0.0,0.0,0.000029827320063486694,0.000021358793901745228,0.000060416668467223644,0.00000295507870032452,0.0,0.000021970367728499697,0.00009967437154147774,0.00010536739930976182,0.000017149883212405258,0.0,0.0,0.0,0.0,0.0,0.0,0.0,0.0,0.0,0.0,0.0,0.0,0.0,0.0,0.0,0.0,0.0,0.0
2015-01-01T05:45:00.000+01:00,5.377642775528102e-17,1.8079981956020674e-13,0.005672359925263203,216.4221293431745,0.0052196515091618299,248.81457728920436,0.9921022935238583,69.99999999999989,0.9970056950417167,69.99999999999995,10.0,70.0,0.0,0.0,0.0,0.0,1.998109025792637,0.00006889235280686988,0.0,0.0,0.0,0.0,0.0,0.0,0.0,0.000048469378743320695,0.000021641474033240227,0.000060416668467223644,0.00000499408254167065,0.0,0.00003712991802720353,0.00010099354548845439,0.00014943012785632162,0.000017835862806532534,0.0,0.0,0.0,0.0,0.0,0.0,0.0,0.0,0.0,0.0,0.0,0.0,0.0,0.0,0.0,0.0,0.0,0.0
2015-01-01T06:00:00.000+01:00,1.5959455978986626e-16,1.9395596240201485e-13,0.005974163693512432,215.09177767046845,0.005713711061409465,248.9237867837572,0.9915036601146714,69.99999999999989,0.9968084651304066,69.99999999999993,10.0,70.0,0.0,0.0,0.0,0.0,1.997970855077273,0.00012435364382763507,0.0,0.0,0.0,0.0,0.0,0.0,0.0,0.00008649920301511884,0.000049753418276086445,0.000060416668467223644,0.00001489360403968021,0.0,0.00011073070829501375,0.00023218261862173676,0.00024138709978200492,0.0,0.0,0.0,0.0,0.0,0.0,0.0,0.0,0.0,0.0,0.0,0.0,0.0,0.0,0.0,0.0,0.0,0.0,0.0
2015-01-01T06:15:00.000+01:00,1.700029006457271e-16,2.0172752357439094e-13,0.006411747765272498,211.37167943684688,0.006747419382712594,249.05425004730146,0.9903613285142958,69.99999999999987,0.9964795043377189,69.99999999999993,10.0,70.0,0.0,0.0,0.0,0.0,1.9977154223701437,0.0002298894364161242,0.0,0.0,0.0,0.0,0.0,0.0,0.0,0.0001510007568541914,0.00012014318531379102,0.000060416668467223644,0.00002393614517059177,0.0,0.00017796003583353014,0.0005606681981310248,0.0003771674032928422,0.0,0.0,0.0,0.0,0.0,0.0,0.0,0.0,0.0,0.0,0.0,0.0,0.0,0.0,0.0,0.0,0.0,0.0,0.0
2015-01-01T06:30:00.000+01:00,1.97758476261356e-16,2.13690176664727e-13,0.0069918172629844549,205.82151377071313,0.00844886700887864,249.1560625564533,0.9885520700163704,69.99999999999986,0.9960072457117664,69.99999999999995,10.0,70.0,0.0,0.0,0.0,0.0,1.9973193256472482,0.0003564870506059378,0.0,0.0,0.0,0.0,0.0,0.0,0.0,0.0002261904341354966,0.00021107507804408668,0.000060416668467223644,0.000033096891297027465,0.0,0.0002460681918170303,0.0009850170308724044,0.0005196528292447328,0.0,0.0,0.0,0.0,0.0,0.0,0.0,0.0,0.0,0.0,0.0,0.0,0.0,0.0,0.0,0.0,0.0,0.0,0.0
2015-01-01T06:45:00.000+01:00,1.734723475976807e-16,2.240430063693566e-13,0.00775867442622,198.56687837016967,0.01092577711932992,249.20993415841125,0.9859609875738558,69.99999999999985,0.9953545608805942,69.99999999999995,10.0,70.0,0.0,0.0,0.0,0.0,1.996756171606678,0.0005068386365135666,0.0,0.0,0.0,0.0,0.0,0.0,0.0,0.000323129191622138,0.0003140998380258679,0.000060416668467223644,0.000044326197132468216,0.0,0.00032955563955008985,0.001465799244120717,0.0007064404947683215,0.0,0.0,0.0,0.0,0.0,0.0,0.0,0.0,0.0,0.0,0.0,0.0,0.0,0.0,0.0,0.0,0.0,0.0,0.0
2015-01-01T07:00:00.000+01:00,4.0245584642661927e-16,2.355893258254582e-13,0.008756621426112593,190.04117714330236,0.014286383645391813,249.2246883557396,0.982500336387002,69.99999999999985,0.9944566585414932,69.99999999999995,10.0,70.0,0.0,0.0,0.0,0.0,1.9959994782861999,0.0006810239884303882,0.0,0.0,0.0,0.0,0.0,0.0,0.0,0.0004530022403597831,0.0004240347922593355,0.000060416668467223644,0.000059840364158153525,0.0,0.00044490009874105453,0.0019788290305435658,0.0009375303314253687,0.0,0.0,0.0,0.0,0.0,0.0,0.0,0.0,0.0,0.0,0.0,0.0,0.0,0.0,0.0,0.0,0.0,0.0,0.0
2015-01-01T07:15:00.000+01:00,3.400058012914542e-16,2.365330153963896e-13,0.009956921775947899,181.4662337448135,0.01856523041107857,250.32420046902684,0.9781730087707268,69.99999999999985,0.9933048390422464,69.99999999999995,10.0,70.0,0.0,0.0,0.0,0.0,1.995048237467533,0.0008561167368003224,0.0,0.0,0.0,0.0,0.0,0.0,0.0,0.0005915749413147568,0.0005179506230726838,0.000060416668467223644,0.00007535453118383884,0.0,0.0005602445579320193,0.0024171029076725245,0.0011398836813680826,0.00011661920451093465,0.0,0.0,0.0,0.0,0.0,0.0,0.0,0.0,0.0,0.0,0.0,0.0,0.0,0.0,0.0,0.0,0.0,0.0
2015-01-01T07:30:00.000+01:00,2.7755575615628915e-16,2.329803017175891e-13,0.011318266610681652,173.6017394518936,0.02381548568903634,252.66383409774503,0.9729758450099157,69.99999999999985,0.991890402690366,69.99999999999995,10.0,70.0,0.0,0.0,0.0,0.0,1.9939003902257464,0.0010330625176080502,0.0,0.0,0.0,0.0,0.0,0.0,0.0,0.0007388473347574472,0.0005988313559442759,0.000060416668467223644,0.00009086869820952414,0.0,0.0006755890171229839,0.002794546327739954,0.0013009281662665308,0.00035157254418358207,0.0,0.0,0.0,0.0,0.0,0.0,0.0,0.0,0.0,0.0,0.0,0.0,0.0,0.0,0.0,0.0,0.0,0.0
2015-01-01T07:45:00.000+01:00,1.942890293094024e-16,2.4935609133081016e-13,0.012783182774383215,166.83917940546744,0.02975018941938111,255.65253767143893,0.9671412063031907,69.99999999999985,0.9903254215030448,69.99999999999993,10.0,70.0,0.0,0.0,0.0,0.0,1.992615733994141,0.00115619060844474,0.0,0.0,0.0,0.0,0.0,0.0,0.0,0.0008575351221114395,0.000642962360791862,0.000060416668467223644,0.00009515356432646512,0.0,0.0007074460652098059,0.003000491017028689,0.0014044994952343404,0.0006311156008765101,0.0,0.0,0.0,0.0,0.0,0.0,0.0,0.0,0.0,0.0,0.0,0.0,0.0,0.0,0.0,0.0,0.0,0.0
2015-01-01T08:00:00.000+01:00,2.3592239273284578e-16,2.573496971081113e-13,0.014310361493259308,161.17801225145946,0.03612075371931472,258.79721555924956,0.9608800597191306,69.99999999999983,0.9886888250682951,69.99999999999993,10.0,70.0,0.0,0.0,0.0,0.0,1.9912445980533753,0.0012340223466890165,0.0,0.0,0.0,0.0,0.0,0.0,0.0,0.000883012585863471,0.0006618083292245865,0.000060416668467223644,0.00010135923113673924,0.0,0.0007535838488861918,0.0030884388697147368,0.00146676205040887,0.0008823614351078868,0.0,0.0,0.0,0.0,0.0,0.0,0.0,0.0,0.0,0.0,0.0,0.0,0.0,0.0,0.0,0.0,0.0,0.0
2015-01-01T08:15:00.000+01:00,2.0122792321330963e-16,2.645661467681748e-13,0.015773122399925823,156.86024371117845,0.04255419313757845,262.2078034459629,0.9545834514254222,69.9999999999998,0.9870892330370733,69.99999999999995,10.0,70.0,0.0,0.0,0.0,0.0,1.989873729941408,0.0012337813007703516,0.0,0.0,0.0,0.0,0.0,0.0,0.0,0.0008490840590000152,0.0006284509375691413,0.000060416668467223644,0.00010094551673159002,0.0,0.0007505079722218216,0.002932771041989326,0.0014023442381992935,0.0011716798907518388,0.0,0.0,0.0,0.0,0.0,0.0,0.0,0.0,0.0,0.0,0.0,0.0,0.0,0.0,0.0,0.0,0.0,0.0
2015-01-01T08:30:00.000+01:00,1.5265566588595903e-16,2.8066438062523957e-13,0.017116626571911956,153.68137094933386,0.04863672967265525,265.60491887844315,0.9486455320733863,69.99999999999979,0.9856011116820463,69.99999999999993,10.0,70.0,0.0,0.0,0.0,0.0,1.9885844867630987,0.001160318860478583,0.0,0.0,0.0,0.0,0.0,0.0,0.0,0.0007367345085740089,0.0005514336891844868,0.000060416668467223644,0.00010106372788548468,0.0,0.0007513868464529514,0.002573357216194272,0.001283087503518909,0.0013685605467855932,0.0,0.0,0.0,0.0,0.0,0.0,0.0,0.0,0.0,0.0,0.0,0.0,0.0,0.0,0.0,0.0,0.0,0.0
2015-01-01T08:45:00.000+01:00,-2.7755575615628916e-17,2.7833291227352674e-13,0.018270828657459105,151.54505606497194,0.054134532033234619,269.00929026868666,0.9432680199245256,69.99999999999977,0.9843266193847807,69.99999999999995,10.0,70.0,0.0,0.0,0.0,0.0,1.9874296248800905,0.0010393756947072689,0.0,0.0,0.0,0.0,0.0,0.0,0.0,0.0006054943607002497,0.0004590883084014058,0.000060416668467223644,0.00008998217860236763,0.0,0.000668997936565429,0.002142412105873227,0.0010937854170799257,0.0015318274704366924,0.0,0.0,0.0,0.0,0.0,0.0,0.0,0.0,0.0,0.0,0.0,0.0,0.0,0.0,0.0,0.0,0.0,0.0
2015-01-01T09:00:00.000+01:00,-6.938893903907228e-17,2.76667577736589e-13,0.019253210064183559,150.15043698020748,0.0589148757267853,272.16058501864526,0.9385604969012165,69.99999999999979,0.9832714173078148,69.99999999999995,10.0,70.0,0.0,0.0,0.0,0.0,1.9865013602642419,0.0009004257969179889,0.0,0.0,0.0,0.0,0.0,0.0,0.0,0.0004784797443822026,0.0003682820464298129,0.000060416668467223644,0.00007757084005512296,0.0,0.0005767223325837403,0.0017186495500057936,0.0009219647382572293,0.0015606391800940037,0.0,0.0,0.0,0.0,0.0,0.0,0.0,0.0,0.0,0.0,0.0,0.0,0.0,0.0,0.0,0.0,0.0,0.0
2015-01-01T09:15:00.000+01:00,-1.3877787807814457e-16,2.942091015256665e-13,0.020060178697026904,149.3624701605977,0.06291991991759442,274.97690242631276,0.9346186101028123,69.99999999999976,0.9824012912825665,69.99999999999993,10.0,70.0,0.0,0.0,0.0,0.0,1.985700482300911,0.0007518770036956993,0.0,0.0,0.0,0.0,0.0,0.0,0.0,0.0003604133291170001,0.00027782130181789396,0.000060416668467223644,0.00006855784801766275,0.0,0.0005097126961313188,0.001296499408483505,0.0007465519643761217,0.0014920396072417497,0.0,0.0,0.0,0.0,0.0,0.0,0.0,0.0,0.0,0.0,0.0,0.0,0.0,0.0,0.0,0.0,0.0,0.0
2015-01-01T09:30:00.000+01:00,-5.551115123125783e-17,2.857714065385153e-13,0.0207527997613527,148.9309778066476,0.06621357682057821,277.2544669864849,0.9313449796148655,69.99999999999976,0.9816886438032036,69.99999999999995,10.0,70.0,0.0,0.0,0.0,0.0,1.9850592250462618,0.0006228559323921217,0.0,0.0,0.0,0.0,0.0,0.0,0.0,0.0002908162724599242,0.00021484428483992812,0.000060416668467223644,0.00005673753075301646,0.0,0.0004218312069028616,0.0010026066625863314,0.0006322043958585709,0.0013068209454417228,0.0,0.0,0.0,0.0,0.0,0.0,0.0,0.0,0.0,0.0,0.0,0.0,0.0,0.0,0.0,0.0,0.0,0.0
2015-01-01T09:45:00.000+01:00,-2.7755575615628916e-17,2.8532731732866523e-13,0.02130892212596872,148.87023773850599,0.06865819511911997,278.83571247038449,0.9288984979027216,69.99999999999975,0.9811343848521897,69.99999999999996,10.0,70.0,0.0,0.0,0.0,0.0,1.9850592250462618,0.00046886572861840254,0.0,0.0,0.0,0.0,0.0,0.0,0.0,0.0002181121942773461,0.00015265251472592353,0.000060416668467223644,0.00004521272166632115,0.0,0.00033614675673656165,0.0007123784020543098,0.0004957056961487978,0.0009801157090812924,0.0,0.0,0.0,0.0,0.0,0.0,0.0,0.0,0.0,0.0,0.0,0.0,0.0,0.0,0.0,0.0,0.0,0.0
2015-01-01T10:00:00.000+01:00,-2.7755575615628916e-17,2.877698079828406e-13,0.02184205526471288,148.86922632230796,0.07093052659174591,280.0943122109341,0.9266340165404216,69.99999999999975,0.9805934016031197,69.99999999999995,10.0,70.0,0.0,0.0,0.0,0.0,1.9866829907444144,0.00043835384552658066,0.0,0.0,0.0,0.0,0.0,0.0,0.0,0.00020879116997122763,0.000145114133907482,0.000060416668467223644,0.0000446808059606701,0.0,0.0003321920790988952,0.0006771992915682494,0.0004727164702769369,0.0008643539921194315,0.0,0.0,0.0,0.0,0.0,0.0,0.0,0.0,0.0,0.0,0.0,0.0,0.0,0.0,0.0,0.0,0.0,0.0
2015-01-01T10:15:00.000+01:00,4.163336342344337e-17,2.893241202173158e-13,0.02233210748989285,148.97218047900817,0.07301546106846235,280.9741418282943,0.9245702424618121,69.99999999999975,0.9800821889798327,69.99999999999996,10.0,70.0,0.0,0.0,0.0,0.0,1.9888096839684713,0.00040234167217131466,0.0,0.0,0.0,0.0,0.0,0.0,0.0,0.0002067032510228455,0.000145114133907482,0.000060416668467223644,0.00004095740094780921,0.0,0.0003045093722641468,0.0006771992915682494,0.0004296355567127466,0.0007104510270059109,0.0,0.0,0.0,0.0,0.0,0.0,0.0,0.0,0.0,0.0,0.0,0.0,0.0,0.0,0.0,0.0,0.0,0.0
2015-01-01T10:30:00.000+01:00,1.8041124150158795e-16,2.8554936193359026e-13,0.0228056601224389,149.1098326826713,0.07509329783036538,281.5335636343301,0.9225533475065959,69.99999999999977,0.9795476945405997,69.99999999999996,10.0,70.0,0.0,0.0,0.0,0.0,1.9914245373550255,0.0003986545928826672,0.0,0.0,0.0,0.0,0.0,0.0,0.0,0.00021724223308265206,0.00015993964495137334,0.000060416668467223644,0.000042671349365264175,0.0,0.0003172522061504424,0.0007463850097730756,0.0004131359640788286,0.0005943463185802102,0.0,0.0,0.0,0.0,0.0,0.0,0.0,0.0,0.0,0.0,0.0,0.0,0.0,0.0,0.0,0.0,0.0,0.0
2015-01-01T10:45:00.000+01:00,3.3306690738754698e-16,2.9176661087149114e-13,0.023262521626531714,149.2808037424802,0.07723551765477448,281.8855615783868,0.920522280216178,69.99999999999976,0.9789796805025155,69.99999999999996,10.0,70.0,0.0,0.0,0.0,0.0,2.0,0.00040610645757842577,0.0,0.0,0.0,0.0,0.0,0.0,0.0,0.00022967027891427274,0.0001765555144753307,0.000060416668467223644,0.00004550822491757571,0.0,0.000338343759169802,0.00082392573421821,0.0003964448356255889,0.0005282163127139211,0.0,0.0,0.0,0.0,0.0,0.0,0.0,0.0,0.0,0.0,0.0,0.0,0.0,0.0,0.0,0.0,0.0,0.0
2015-01-01T11:00:00.000+01:00,3.0531133177191807e-16,2.7466917629226373e-13,0.023706032609512666,149.47585050434334,0.07947697751648887,282.21575258445275,0.9184461119582765,69.99999999999977,0.9783708779157216,69.99999999999996,10.0,70.0,0.0,0.0,0.0,0.0,2.0,0.00041952669448364755,0.0,0.0,0.0,0.0,0.0,0.0,0.0,0.00023563575299456713,0.00018362276902422306,0.000060416668467223644,0.00005019203027710318,0.0,0.00037316683379933234,0.0008569062554463744,0.000383094314513728,0.0005419362201727927,0.0,0.0,0.0,0.0,0.0,0.0,0.0,0.0,0.0,0.0,0.0,0.0,0.0,0.0,0.0,0.0,0.0,0.0
2015-01-01T11:15:00.000+01:00,3.469446951953614e-16,2.8399504969911504e-13,0.0241260155067375,149.71704209259813,0.08170309173739679,282.66428493493478,0.9164430452705297,69.99999999999976,0.9777278474853357,69.99999999999997,10.0,70.0,0.0,0.0,0.0,0.0,2.0,0.0004134526747082418,0.0,0.0,0.0,0.0,0.0,0.0,0.0,0.00022010068563744424,0.0001644626690726727,0.000060416668467223644,0.000056885287305340165,0.0,0.00042292974474839864,0.0007674924556724726,0.0003595662287576124,0.0005942433784715831,0.0,0.0,0.0,0.0,0.0,0.0,0.0,0.0,0.0,0.0,0.0,0.0,0.0,0.0,0.0,0.0,0.0,0.0
2015-01-01T11:30:00.000+01:00,4.3021142204224818e-16,2.973177259946169e-13,0.024514028986069939,150.02164186463259,0.08382152049788437,283.30307735666426,0.9145832565054465,69.99999999999975,0.9770811940105988,69.99999999999997,10.0,70.0,0.0,0.0,0.0,0.0,2.0,0.000391631599971879,0.0,0.0,0.0,0.0,0.0,0.0,0.0,0.00018791204089298842,0.0001311680818721652,0.000060416668467223644,0.00006170206420123576,0.0,0.0004587414338439703,0.0006121177154034376,0.00032759681086521594,0.0006667874242737889,0.0,0.0,0.0,0.0,0.0,0.0,0.0,0.0,0.0,0.0,0.0,0.0,0.0,0.0,0.0,0.0,0.0,0.0
2015-01-01T11:45:00.000+01:00,4.579669976578771e-16,3.0109248427834245e-13,0.024877975588200247,150.3702625910626,0.08574317130275233,284.06226340142049,0.912937628629541,69.99999999999975,0.976441224479506,69.99999999999997,10.0,70.0,0.0,0.0,0.0,0.0,2.0,0.0003571245948434807,0.0,0.0,0.0,0.0,0.0,0.0,0.0,0.000161564595811069,0.00009187419989146291,0.000060416668467223644,0.00006434686264023183,0.0,0.00047840493528172374,0.0004287462661601603,0.0003035299336630851,0.0006967139450833202,0.0,0.0,0.0,0.0,0.0,0.0,0.0,0.0,0.0,0.0,0.0,0.0,0.0,0.0,0.0,0.0,0.0,0.0
2015-01-01T12:00:00.000+01:00,3.608224830031759e-16,3.0953017926549364e-13,0.025235097255345067,150.72389693393303,0.08747973965548142,284.87712023960139,0.9114887953623458,69.99999999999975,0.9757963677268273,69.99999999999996,10.0,70.0,0.0,0.0,0.0,0.0,2.0,0.0003271390656052972,0.0,0.0,0.0,0.0,0.0,0.0,0.0,0.00013931839779950678,0.000057448859391734,0.000060416668467223644,0.00006799638691358268,0.0,0.0005055383548792452,0.0002680946771614253,0.0002967049986775964,0.0006981716765835881,0.0,0.0,0.0,0.0,0.0,0.0,0.0,0.0,0.0,0.0,0.0,0.0,0.0,0.0,0.0,0.0,0.0,0.0
2015-01-01T12:15:00.000+01:00,3.885780586188048e-16,3.093081346605686e-13,0.025588147896632185,151.07658209156325,0.08897299648672039,285.5540348706475,0.9102515725432644,69.99999999999975,0.9751872830733827,69.99999999999996,10.0,70.0,0.0,0.0,0.0,0.0,2.0,0.0002884855425822025,0.0,0.0,0.0,0.0,0.0,0.0,0.0,0.00012925166658125817,0.00003919965344946831,0.000060416668467223644,0.0000645389397535473,0.0,0.00047983298686333,0.0001829317160975188,0.0002926339728198945,0.000597501868493855,0.0,0.0,0.0,0.0,0.0,0.0,0.0,0.0,0.0,0.0,0.0,0.0,0.0,0.0,0.0,0.0,0.0,0.0
2015-01-01T12:30:00.000+01:00,2.914335439641036e-16,3.1397107136399427e-13,0.025952453708268334,151.39519908486313,0.09026902823293745,286.04322044611919,0.9091902555785496,69.99999999999975,0.9745882624802443,69.99999999999995,10.0,70.0,0.0,0.0,0.0,0.0,2.0,0.00025942774341456245,0.0,0.0,0.0,0.0,0.0,0.0,0.0,0.0001343471794668585,0.00002804911520797759,0.000060416668467223644,0.00006249993283301591,0.0,0.00046467341367155315,0.0001308958709705621,0.00030388914316892626,0.0004755662340670824,0.0,0.0,0.0,0.0,0.0,0.0,0.0,0.0,0.0,0.0,0.0,0.0,0.0,0.0,0.0,0.0,0.0,0.0
2015-01-01T12:45:00.000+01:00,4.718447854656915e-16,3.2462921240039577e-13,0.02631460428568218,151.70963906352095,0.09137875435368438,286.3583452187321,0.9082837805625439,69.99999999999975,0.9740228607980891,69.99999999999995,10.0,70.0,0.0,0.0,0.0,0.0,2.0,0.00022998073408762138,0.0,0.0,0.0,0.0,0.0,0.0,0.0,0.00014093403570353982,0.00002242672772496007,0.000060416668467223644,0.00005709213958121835,0.0,0.000424467646451667,0.00010465806271648034,0.0003017339089466259,0.00036014750856906176,0.0,0.0,0.0,0.0,0.0,0.0,0.0,0.0,0.0,0.0,0.0,0.0,0.0,0.0,0.0,0.0,0.0,0.0
2015-01-01T13:00:00.000+01:00,4.0245584642661927e-16,3.19300141882195e-13,0.026696870458546658,151.97258152501633,0.09244563248813899,286.6465316256153,0.9073827947950844,69.99999999999975,0.9734747022582295,69.99999999999995,10.0,70.0,0.0,0.0,0.0,0.0,2.0,0.00022642879801860541,0.0,0.0,0.0,0.0,0.0,0.0,0.0,0.00015137360024265945,0.00002110751326661557,0.000060416668467223644,0.000053368734568357464,0.0,0.0003967849396169185,0.00009850172857753932,0.00032184950439725067,0.00034574161818251017,0.0,0.0,0.0,0.0,0.0,0.0,0.0,0.0,0.0,0.0,0.0,0.0,0.0,0.0,0.0,0.0,0.0,0.0
2015-01-01T13:15:00.000+01:00,4.440892098500626e-16,2.9309887850104133e-13,0.027121044102922644,152.13967133062116,0.09368943990726538,287.14021588840316,0.9062944149380914,69.99999999999977,0.9728951010517202,69.99999999999996,10.0,70.0,0.0,0.0,0.0,0.0,2.0,0.00026062204117224607,0.0,0.0,0.0,0.0,0.0,0.0,0.0,0.00017051279686391353,0.000020008154001552608,0.000060416668467223644,0.000055023587262257925,0.0,0.0004090884096454829,0.00009337138534057885,0.00036375697590876365,0.0004958030860126018,0.0,0.0,0.0,0.0,0.0,0.0,0.0,0.0,0.0,0.0,0.0,0.0,0.0,0.0,0.0,0.0,0.0,0.0
2015-01-01T13:30:00.000+01:00,4.440892098500626e-16,2.8954616482224083e-13,0.027556472894834918,152.27821081202519,0.09508446296352009,287.8780940827887,0.9050418289061767,69.99999999999977,0.9723172352354679,69.99999999999996,10.0,70.0,0.0,0.0,0.0,0.0,2.0,0.0002860081012760929,0.0,0.0,0.0,0.0,0.0,0.0,0.0,0.0001744897594489157,0.000016961392345838245,0.000060416668467223644,0.00005425525910221039,0.0,0.0004033760568033904,0.00007915316428057849,0.00037501212344504887,0.0006667874242737889,0.0,0.0,0.0,0.0,0.0,0.0,0.0,0.0,0.0,0.0,0.0,0.0,0.0,0.0,0.0,0.0,0.0,0.0
2015-01-01T13:45:00.000+01:00,3.3306690738754698e-16,3.042011087472929e-13,0.028001600297779408,152.3925548589303,0.09665651767254971,288.82602180149686,0.9036152062859786,69.99999999999976,0.971726675743692,69.99999999999996,10.0,70.0,0.0,0.0,0.0,0.0,2.0,0.00031518470499595423,0.0,0.0,0.0,0.0,0.0,0.0,0.0,0.00017747248642146585,0.000016820045452332122,0.000060416668467223644,0.00005556141007691621,0.0,0.000413087005354464,0.00007849354544421658,0.0003847107344772666,0.000830620216280222,0.0,0.0,0.0,0.0,0.0,0.0,0.0,0.0,0.0,0.0,0.0,0.0,0.0,0.0,0.0,0.0,0.0,0.0
2015-01-01T14:00:00.000+01:00,3.608224830031759e-16,2.9243274468626623e-13,0.028441818511748319,152.51324578892139,0.09828690389079206,289.7874895607855,0.9021320988176557,69.99999999999976,0.9711391787798036,69.99999999999996,10.0,70.0,0.0,0.0,0.0,0.0,2.0,0.000323531942533009,0.0,0.0,0.0,0.0,0.0,0.0,0.0,0.00017739792579784988,0.000021076100114732977,0.000060416668467223644,0.000055159519743174305,0.0,0.0004100990380905569,0.00009835513386875391,0.0003798015455016866,0.0008682985006272793,0.0,0.0,0.0,0.0,0.0,0.0,0.0,0.0,0.0,0.0,0.0,0.0,0.0,0.0,0.0,0.0,0.0,0.0
2015-01-01T14:15:00.000+01:00,2.498001805406602e-16,3.044231533522179e-13,0.02886557308597174,152.6631273286904,0.09989129857637386,290.55546158541298,0.9006617617417131,69.99999999999975,0.9705813665959411,69.99999999999995,10.0,70.0,0.0,0.0,0.0,0.0,2.0,0.0003168983218445646,0.0,0.0,0.0,0.0,0.0,0.0,0.0,0.0001656409859843552,0.00003924677317729219,0.000060416668467223644,0.000052748172814026466,0.0,0.0003921711978781968,0.0001831516081606969,0.00036333790575619784,0.0007714359475672245,0.0,0.0,0.0,0.0,0.0,0.0,0.0,0.0,0.0,0.0,0.0,0.0,0.0,0.0,0.0,0.0,0.0,0.0
2015-01-01T14:30:00.000+01:00,2.914335439641036e-16,2.9909408283401717e-13,0.03343093376227338,223.91926506057696,0.09012487659858006,291.00543394128376,0.9063877972831488,69.56641081165779,0.9700563923559975,69.99999999999996,10.0,70.0,0.0,0.01125,0.010125,0.0,2.0,0.04641975604664185,0.0,0.0,0.0,0.0,0.0,0.0,0.0,0.00015037935456261038,0.000058736672988161436,0.000060416668467223644,0.00005038410739041864,0.0,0.00037459488538093866,0.0002741044739447534,0.0003424440078344196,0.0005753785279393196,0.0,0.0,0.0,0.0,0.0,0.0,0.0,0.0,0.0,0.0,0.01125,0.010125,0.0,0.0,0.0,0.0,0.0,0.0
2015-01-01T14:45:00.000+01:00,1.3877787807814457e-16,3.12194714524594e-13,0.0379843208948398,278.12595833538838,0.08020908428213958,291.080072323208,0.912262227290059,69.1390112939157,0.9695443675329615,69.99999999999995,10.0,70.0,0.0,0.01125,0.010125,0.0,2.0,0.04639454606501968,0.0,0.0,0.0,0.0,0.0,0.0,0.0,0.00014292251699604092,0.00007852495950646698,0.000060416668467223644,0.000049645339408889404,0.0,0.0003691023060400039,0.00036644981103017924,0.00033047046409919855,0.0003275627505779266,0.0,0.0,0.0,0.0,0.0,0.0,0.0,0.0,0.0,0.0,0.01125,0.010125,0.0,0.0,0.0,0.0,0.0,0.0
2015-01-01T15:00:00.000+01:00,2.0816681711721686e-16,3.148592497836944e-13,0.0425399111683961,320.6744206290266,0.07016276348769132,290.9246647068135,0.9182684886600874,68.71764617111295,0.969028836683825,69.99999999999996,10.0,70.0,0.0,0.01125,0.010125,0.0,1.9522764209331614,0.04637449523111063,0.0,0.0,0.0,0.0,0.0,0.0,0.0,0.00013148870677687227,0.00007946725574322044,0.000060416668467223644,0.00005165479107759892,0.0,0.00038404214235953987,0.00037084719346836204,0.00033267360508907587,0.0001861791161261499,0.0,0.0,0.0,0.0,0.0,0.0,0.0,0.0,0.0,0.0,0.01125,0.010125,0.0,0.0,0.0,0.0,0.0,0.0
2015-01-01T15:15:00.000+01:00,1.942890293094024e-16,3.099742684753437e-13,0.047137361029509088,354.71464484859629,0.06006891402369763,290.7359727517689,0.9243366678890824,68.30220581238433,0.9684570570577107,69.99999999999996,10.0,70.0,0.0,0.01125,0.010125,0.0,1.9039992819758199,0.04637360943704989,0.0,0.0,0.0,0.0,0.0,0.0,0.0,0.0001372056219540536,0.00006357380677945911,0.000060416668467223644,0.000058451474243775,0.0,0.0004345740041602403,0.0002966777649708092,0.00037453319264575837,0.00016566786389797926,0.0,0.0,0.0,0.0,0.0,0.0,0.0,0.0,0.0,0.0,0.01125,0.010125,0.0,0.0,0.0,0.0,0.0,0.0
2015-01-01T15:30:00.000+01:00,6.938893903907228e-17,3.3084646133829665e-13,0.05179731293400899,382.35681012633907,0.05004155604901424,290.7578972811866,0.930352315094269,67.89262489592511,0.9678088159227077,69.99999999999995,10.0,70.0,0.0,0.01125,0.010125,0.0,1.8969170519099657,0.04639376467653383,0.0,0.0,0.0,0.0,0.0,0.0,0.0,0.00014292251699604092,0.00004397397459251806,0.000060416668467223644,0.00006796683166176079,0.0,0.0005053186180070043,0.00020521188143175092,0.0004370352360326796,0.00025724820262752475,0.0,0.0,0.0,0.0,0.0,0.0,0.0,0.0,0.0,0.0,0.01125,0.010125,0.0,0.0,0.0,0.0,0.0,0.0
2015-01-01T15:45:00.000+01:00,2.914335439641036e-16,3.157474282033945e-13,0.056514139296721308,405.20423079208447,0.04012008141919206,291.2288033484345,0.9362941960140112,67.48892190025087,0.9670715832700751,69.99999999999995,10.0,70.0,0.0,0.01125,0.010125,0.0,1.8474108965947103,0.046419195583264089,0.0,0.0,0.0,0.0,0.0,0.0,0.0,0.00015721477977000177,0.00001900304511655122,0.000060416668467223644,0.00007801409985870121,0.0,0.0005800178728625179,0.00008868087721057235,0.0004939096942450851,0.00040559469535946847,0.0,0.0,0.0,0.0,0.0,0.0,0.0,0.0,0.0,0.0,0.01125,0.010125,0.0,0.0,0.0,0.0,0.0,0.0
2015-01-01T16:00:00.000+01:00,3.469446951953614e-16,3.148592497836944e-13,0.06125699614378774,424.5566643759886,0.030306069728491048,292.23223925118927,0.9421248543496974,67.09113180645055,0.9663120797780235,69.99999999999995,10.0,70.0,0.0,0.01125,0.010125,0.0,1.7958494799543719,0.046440053930682099,0.0,0.0,0.0,0.0,0.0,0.0,0.0,0.00015544998034834858,0.000011119136696797795,0.000060416668467223644,0.00008124696356244384,0.0,0.0006040535117033868,0.00005188930458505638,0.0005199401785992085,0.0005322294124029577,0.0,0.0,0.0,0.0,0.0,0.0,0.0,0.0,0.0,0.0,0.01125,0.010125,0.0,0.0,0.0,0.0,0.0,0.0
2015-01-01T16:15:00.000+01:00,3.608224830031759e-16,3.0375701953744283e-13,0.06599118414719739,441.40532251055739,0.02057505606041864,293.73117605019817,0.9478763889382066,66.69929019556132,0.965557370854177,69.99999999999995,10.0,70.0,0.0,0.01125,0.010125,0.0,1.7443261718116552,0.04645166786489645,0.0,0.0,0.0,0.0,0.0,0.0,0.0,0.00015162215914577243,0.00001532807231415063,0.000060416668467223644,0.00008111693326383828,0.0,0.0006030867647007108,0.00007153100413270295,0.0005112713349424301,0.0005963013983704149,0.0,0.0,0.0,0.0,0.0,0.0,0.0,0.0,0.0,0.0,0.01125,0.010125,0.0,0.0,0.0,0.0,0.0,0.0
2015-01-01T16:30:00.000+01:00,2.220446049250313e-16,3.1885605267234496e-13,0.07068921193993799,456.46278796747097,0.010932979227126265,295.6513591360361,0.9535448651633421,66.31340403297976,0.9648329436695934,69.99999999999995,10.0,70.0,0.0,0.01125,0.010125,0.0,1.6927134463447918,0.046459914212413789,0.0,0.0,0.0,0.0,0.0,0.0,0.0,0.00013869699550792572,0.00003505354618420824,0.000060416668467223644,0.00007878242309205232,0.0,0.0005857301890756934,0.0001635832155263051,0.00047511112427338955,0.0006060767973214388,0.0,0.0,0.0,0.0,0.0,0.0,0.0,0.0,0.0,0.0,0.01125,0.010125,0.0,0.0,0.0,0.0,0.0,0.0
2015-01-01T16:45:00.000+01:00,2.636779683484747e-16,3.064215547965432e-13,0.07537909777221419,469.9919939345832,0.0014113188709771879,297.9105133912737,0.9590994801090481,65.93343905493674,0.9641101032477603,69.99999999999995,10.0,70.0,0.0,0.01125,0.010125,0.0,1.6410718273385199,0.04647745710564487,0.0,0.0,0.0,0.0,0.0,0.0,0.0,0.00013732989637181163,0.00006124947387725114,0.000060416668467223644,0.0000787528776936233,0.0,0.0005855105254612863,0.0002858308780938387,0.00046696916380897156,0.0005796659923531115,0.0,0.0,0.0,0.0,0.0,0.0,0.0,0.0,0.0,0.0,0.01125,0.010125,0.0,0.0,0.0,0.0,0.0,0.0
2015-01-01T17:00:00.000+01:00,2.914335439641036e-16,3.1308289294429414e-13,0.07711211410197132,472.087746261787,-4.336808689942018e-19,0.0,0.9595573757751514,65.82470123509822,0.963330510122877,69.99999999999996,10.0,70.0,0.0,0.0032530242182395115,0.00292772179641556,0.0,1.6258408450116318,0.013707884094199315,0.0,0.0,0.0,0.0,0.0,0.0,0.0,0.00015211926688440142,0.00008116340207867323,0.000060416668467223644,0.00008439706861972808,0.0,0.0006274738579988479,0.0003787625430338084,0.0004689807005412876,0.0005177892086468637,0.0,0.0,0.0,0.0,0.0,0.0,0.0,0.0,0.0,0.0,0.0032530242182395115,0.00292772179641556,0.0,0.0,0.0,0.0,0.0,0.0
2015-01-01T17:15:00.000+01:00,3.191891195797325e-16,3.055333763768431e-13,0.07838851476493404,472.00622134700657,0.0,0.0,0.9591505829423667,65.76061562789518,0.962460902292699,69.99999999999996,10.0,70.0,0.0,0.0019078648901730772,0.0017170784011557696,0.0,1.6167191904522716,0.008209489103423954,0.0,0.0,0.0,0.0,0.0,0.0,0.0,0.00016765434430912135,0.00008920434962958096,0.000060416668467223644,0.00009441479634493588,0.0,0.0007019534858688712,0.00041628696493804454,0.0005100739851314574,0.0004383509490825236,0.0,0.0,0.0,0.0,0.0,0.0,0.0,0.0,0.0,0.0,0.0019078648901730772,0.0017170784011557696,0.0,0.0,0.0,0.0,0.0,0.0
2015-01-01T17:30:00.000+01:00,5.134781488891349e-16,3.2018832030189515e-13,0.07980863190000114,471.52383452027717,0.0,0.0,0.9587856061114178,65.69068882168692,0.9614057619885805,69.99999999999996,10.0,70.0,0.0,0.0020674423998035494,0.0018606981598231945,0.0,1.60682816711585,0.008901921002779449,0.0,0.0,0.0,0.0,0.0,0.0,0.0,0.0002025586025416851,0.00009263601388782263,0.000060416668467223644,0.00011467473179101942,0.0,0.0008525817015767098,0.0004323013981431722,0.000594746778672561,0.00037268995186313984,0.0,0.0,0.0,0.0,0.0,0.0,0.0,0.0,0.0,0.0,0.0020674423998035494,0.0018606981598231945,0.0,0.0,0.0,0.0,0.0,0.0
2015-01-01T17:45:00.000+01:00,5.273559366969494e-16,3.241851231905457e-13,0.08133189657451315,470.7224708545374,0.0,0.0,0.9584303145798054,65.61761649557272,0.9602377888456809,69.99999999999996,10.0,70.0,0.0,0.002154180723885074,0.0019387626514965669,0.0,1.5965146079621516,0.009282203238328745,0.0,0.0,0.0,0.0,0.0,0.0,0.0,0.00023374521935358642,0.00009246604093350469,0.000060416668467223644,0.0001256563873775303,0.0,0.0009342279235459864,0.00043150819102302193,0.0006658011382073164,0.0003365769616514444,0.0,0.0,0.0,0.0,0.0,0.0,0.0,0.0,0.0,0.0,0.002154180723885074,0.0019387626514965669,0.0,0.0,0.0,0.0,0.0,0.0
2015-01-01T18:00:00.000+01:00,5.134781488891349e-16,3.3084646133829665e-13,0.08297978179113967,469.8006038960993,0.0,0.0,0.9580536639912528,65.5388984380338,0.958966554217607,69.99999999999996,10.0,70.0,0.0,0.0023202420588210226,0.0020882178529389205,0.0,1.5854047487022303,0.009998873333929282,0.0,0.0,0.0,0.0,0.0,0.0,0.0,0.000263182148206979,0.00009977288972586393,0.000060416668467223644,0.00013558600606396792,0.0,0.001008052479866892,0.0004656068187206983,0.0007289789863955228,0.0003480417162366211,0.0,0.0,0.0,0.0,0.0,0.0,0.0,0.0,0.0,0.0,0.0023202420588210226,0.0020882178529389205,0.0,0.0,0.0,0.0,0.0,0.0
2015-01-01T18:15:00.000+01:00,5.551115123125783e-16,3.1086244689504383e-13,0.08476477455308995,469.1027142784298,0.0,0.0,0.9576057640779648,65.45104162985725,0.9576294613689447,69.99999999999996,10.0,70.0,0.0,0.0025981215854082256,0.002338309426867403,0.0,1.572974797354684,0.01118695621279208,0.0,0.0,0.0,0.0,0.0,0.0,0.0,0.00027608447853475805,0.00012134979774244129,0.000060416668467223644,0.00014270872814580796,0.0,0.0010610083701275289,0.0005662990561313926,0.0007632711068820208,0.00043067115472629665,0.0,0.0,0.0,0.0,0.0,0.0,0.0,0.0,0.0,0.0,0.0025981215854082256,0.002338309426867403,0.0,0.0,0.0,0.0,0.0,0.0
2015-01-01T18:30:00.000+01:00,6.522560269672795e-16,3.2951419370874646e-13,0.08661591960885486,468.73126656141496,0.0,0.0,0.9570701451865974,65.35730888628675,0.9563139352045471,69.99999999999996,10.0,70.0,0.0,0.002784248764514923,0.002505823888063431,0.0,1.5596650908688717,0.01197873583723139,0.0,0.0,0.0,0.0,0.0,0.0,0.0,0.000280118403583765,0.00014159128356724975,0.000060416668467223644,0.00013926537133753298,0.0,0.0010354077608138325,0.0006607593233138322,0.0007605563444271682,0.0005271066218987108,0.0,0.0,0.0,0.0,0.0,0.0,0.0,0.0,0.0,0.0,0.002784248764514923,0.002505823888063431,0.0,0.0,0.0,0.0,0.0,0.0
2015-01-01T18:45:00.000+01:00,7.494005416219807e-16,3.3928415632544784e-13,0.08853595967026509,468.74988875178806,0.0,0.0,0.956432495235121,65.2570846054345,0.9550315450946132,69.99999999999996,10.0,70.0,0.0,0.002992659999439493,0.0026933939994955439,0.0,1.5453711995066584,0.012864502225992097,0.0,0.0,0.0,0.0,0.0,0.0,0.0,0.0002827380326017737,0.0001633319048490375,0.000060416668467223644,0.0001344561273604631,0.0,0.0009996520773321392,0.0007622155559621751,0.000752339193150401,0.0006502663013339043,0.0,0.0,0.0,0.0,0.0,0.0,0.0,0.0,0.0,0.0,0.002992659999439493,0.0026933939994955439,0.0,0.0,0.0,0.0,0.0,0.0
2015-01-01T19:00:00.000+01:00,8.187894806610529e-16,3.1441516057384433e-13,0.09049469944187745,468.9196161335503,0.0,0.0,0.9556906185926475,65.15371145030037,0.9538146819654743,69.99999999999996,10.0,70.0,0.0,0.0030952080623432994,0.0027856872561089695,0.0,1.530592209852704,0.013301090688558878,0.0,0.0,0.0,0.0,0.0,0.0,0.0,0.00027917186824604867,0.0001834466674737632,0.000060416668467223644,0.00012612221637740728,0.0,0.0009376912608928978,0.0008560844482108951,0.0007530961200781166,0.0007126916011422873,0.0,0.0,0.0,0.0,0.0,0.0,0.0,0.0,0.0,0.0,0.0030952080623432994,0.0027856872561089695,0.0,0.0,0.0,0.0,0.0,0.0
2015-01-01T19:15:00.000+01:00,7.355227538141662e-16,3.241851231905457e-13,0.09241593447044332,469.03543896312149,0.0,0.0,0.9549141561463965,65.05297903040429,0.9526699093831594,69.99999999999995,10.0,70.0,0.0,0.003019229669589549,0.0027173067026305946,0.0,1.5161741653647812,0.012976240039130789,0.0,0.0,0.0,0.0,0.0,0.0,0.0,0.0002737347416579723,0.00018679211625829338,0.000060416668467223644,0.00011715713646262883,0.0,0.0008710378406569362,0.0008716965425387025,0.0007437033823505044,0.0006988112920150162,0.0,0.0,0.0,0.0,0.0,0.0,0.0,0.0,0.0,0.0,0.003019229669589549,0.0027173067026305946,0.0,0.0,0.0,0.0,0.0,0.0
2015-01-01T19:30:00.000+01:00,8.187894806610529e-16,3.0464519795714295e-13,0.09430765480310961,468.97044526766657,0.0,0.0,0.9541331684855722,64.95529173458978,0.9515591767113174,69.99999999999996,10.0,70.0,0.0,0.002925320880953222,0.0026327887928579,0.0,1.5021993229335525,0.012577358188106153,0.0,0.0,0.0,0.0,0.0,0.0,0.0,0.00028145868264138694,0.00018630431933328506,0.000060416668467223644,0.00011153977632522581,0.0,0.000829273989200592,0.0008694201568886637,0.0007489349382463842,0.0006473239565640688,0.0,0.0,0.0,0.0,0.0,0.0,0.0,0.0,0.0,0.0,0.002925320880953222,0.0026327887928579,0.0,0.0,0.0,0.0,0.0,0.0
2015-01-01T19:45:00.000+01:00,9.020562075079397e-16,3.090860900556436e-13,0.09615362166228823,468.7049835277842,0.0,0.0,0.953334584108423,64.86208016360627,0.9505117942292879,69.99999999999996,10.0,70.0,0.0,0.00278897242192179,0.002510075179729611,0.0,1.4888684799064314,0.011997758724408923,0.0,0.0,0.0,0.0,0.0,0.0,0.0,0.00028681979887187475,0.0001845182650722563,0.000060416668467223644,0.00010229790475219488,0.0,0.0007605626831576228,0.0008610852370038628,0.0007536303946003317,0.0005936885330639779,0.0,0.0,0.0,0.0,0.0,0.0,0.0,0.0,0.0,0.0,0.00278897242192179,0.002510075179729611,0.0,0.0,0.0,0.0,0.0,0.0
2015-01-01T20:00:00.000+01:00,1.0408340855860843e-15,2.8954616482224083e-13,0.09789426830159005,468.2431192460046,0.0,0.0,0.9525493935169243,64.77718613301154,0.9495563381814847,69.99999999999997,10.0,70.0,0.0,0.0025400959083996716,0.0022860863175597045,0.0,1.476716913292195,0.010936409952812655,0.0,0.0,0.0,0.0,0.0,0.0,0.0,0.00027617879178375,0.00016994774077087638,0.000060416668467223644,0.00009136477712541818,0.0,0.0006792772560194135,0.0007930894569307566,0.000740394484726712,0.0005302378857694566,0.0,0.0,0.0,0.0,0.0,0.0,0.0,0.0,0.0,0.0,0.0025400959083996716,0.0022860863175597045,0.0,0.0,0.0,0.0,0.0,0.0
2015-01-01T20:15:00.000+01:00,9.71445146547012e-16,2.8954616482224083e-13,0.09953681797628514,467.74254099236159,0.0,0.0,0.9517850187703579,64.69811061542139,0.948678163253356,69.99999999999997,10.0,70.0,0.0,0.002365642122188583,0.0021290779099697248,0.0,1.4653961921988093,0.010188648984047234,0.0,0.0,0.0,0.0,0.0,0.0,0.0,0.00025960805058479307,0.00016260357418097554,0.000060416668467223644,0.00008319905370473861,0.0,0.0006185668775439263,0.0007588166795112193,0.0007068454210180789,0.00048284788666293026,0.0,0.0,0.0,0.0,0.0,0.0,0.0,0.0,0.0,0.0,0.002365642122188583,0.0021290779099697248,0.0,0.0,0.0,0.0,0.0,0.0
2015-01-01T20:30:00.000+01:00,1.0130785099704554e-15,2.7622348852673895e-13,0.10105702023784945,467.3419715476139,0.0,0.0,0.9510775954889016,64.62446072302439,0.947865384273248,69.99999999999997,10.0,70.0,0.0,0.002204438726697117,0.0019839948540274056,0.0,1.4548487146210459,0.009492729819986853,0.0,0.0,0.0,0.0,0.0,0.0,0.0,0.00024027556616812944,0.00015313504608348012,0.000060416668467223644,0.00007700338316150008,0.0,0.0005725034139398485,0.0007146302150562405,0.0006441432642191648,0.00044689110228791836,0.0,0.0,0.0,0.0,0.0,0.0,0.0,0.0,0.0,0.0,0.002204438726697117,0.0019839948540274056,0.0,0.0,0.0,0.0,0.0,0.0
2015-01-01T20:45:00.000+01:00,9.853229343548265e-16,2.8421709430404007e-13,0.10244176461964518,467.02827166091756,0.0,0.0,0.9504249422989826,64.5571709079609,0.9471332930813713,69.99999999999999,10.0,70.0,0.0,0.002015568329608068,0.0018140114966472613,0.0,1.4452058213227186,0.008678603968494457,0.0,0.0,0.0,0.0,0.0,0.0,0.0,0.00020970818711444733,0.00014213779921643435,0.000060416668467223644,0.00007026204157620668,0.0,0.0005223830047622323,0.0006633097296766937,0.0005785674313735216,0.0004077675672620535,0.0,0.0,0.0,0.0,0.0,0.0,0.0,0.0,0.0,0.0,0.002015568329608068,0.0018140114966472613,0.0,0.0,0.0,0.0,0.0,0.0
2015-01-01T21:00:00.000+01:00,1.1102230246251566e-15,2.8688162956314045e-13,0.10371125453230568,466.69241931741899,-2.168404344971009e-19,0.0,0.9498073167959457,64.49638873901916,0.9464814286717476,69.99999999999997,10.0,70.0,0.0,0.0018200037719774995,0.0016380033947797496,0.0,1.4364952325613132,0.007839529885264988,0.0,0.0,0.0,0.0,0.0,0.0,0.0,0.00019112644340842962,0.0001317389589641243,0.000060416668467223644,0.00006197060364298521,0.0,0.00046073796621523794,0.0006147818084992468,0.0005356718485616147,0.00035964799124747515,0.0,0.0,0.0,0.0,0.0,0.0,0.0,0.0,0.0,0.0,0.0018200037719774995,0.0016380033947797496,0.0,0.0,0.0,0.0,0.0,0.0
2015-01-01T21:15:00.000+01:00,1.1657341758564144e-15,2.9398705692074145e-13,0.10491045719091824,466.21510492413565,2.168404344971009e-19,0.0,0.949209545482984,64.4407570692955,0.9458799973260966,69.99999999999999,10.0,70.0,0.0,0.0016605462612491096,0.0014944916351241987,0.0,1.4285407046622896,0.007159075109121271,0.0,0.0,0.0,0.0,0.0,0.0,0.0,0.00017059766670688987,0.00012524156553670764,0.000060416668467223644,0.00005794838956557214,0.0,0.00043083367894403634,0.0005844606391713023,0.0005243838734831661,0.00029146432132460176,0.0,0.0,0.0,0.0,0.0,0.0,0.0,0.0,0.0,0.0,0.0016605462612491096,0.0014944916351241987,0.0,0.0,0.0,0.0,0.0,0.0
2015-01-01T21:30:00.000+01:00,1.1796119636642289e-15,2.9753977059954195e-13,0.10602107665100839,465.60994006111175,0.0,0.0,0.9486464978806051,64.39130620369223,0.9453324254683854,69.99999999999999,10.0,70.0,0.0,0.0014710155491065238,0.0013239139941958714,0.0,1.4214857034010773,0.006349501135091007,0.0,0.0,0.0,0.0,0.0,0.0,0.0,0.00015532025936059653,0.00011402589594013987,0.000060416668467223644,0.000052758986912667744,0.0,0.0003922515983507037,0.0005321208477206529,0.0005059270384535193,0.00022453796082176267,0.0,0.0,0.0,0.0,0.0,0.0,0.0,0.0,0.0,0.0,0.0014710155491065238,0.0013239139941958714,0.0,0.0,0.0,0.0,0.0,0.0
2015-01-01T21:45:00.000+01:00,1.0130785099704554e-15,3.019806626980426e-13,0.10711382474376939,464.8005093979615,0.0,0.0,0.9480627465248848,64.34606730320938,0.9448234287313448,69.99999999999999,10.0,70.0,0.0,0.0013442083736974747,0.0012097875363277272,0.0,1.4150253514750338,0.005814316733439395,0.0,0.0,0.0,0.0,0.0,0.0,0.0,0.00015661750950850546,0.000104354337612167,0.000060416668467223644,0.000047396036451682444,0.0,0.00035237922753207385,0.0004869869088567793,0.0005349743260256945,0.0001964743537362665,0.0,0.0,0.0,0.0,0.0,0.0,0.0,0.0,0.0,0.0,0.0013442083736974747,0.0012097875363277272,0.0,0.0,0.0,0.0,0.0,0.0
2015-01-01T22:00:00.000+01:00,9.43689570931383e-16,3.2152058793144533e-13,0.10823663657077903,463.7696181443192,0.0,0.0,0.9474536808604444,64.30266115825143,0.9443096825687757,69.99999999999999,10.0,70.0,0.0,0.0012878489339072258,0.0011590640405165032,0.0,1.4088226930234547,0.0055823926064213738,0.0,0.0,0.0,0.0,0.0,0.0,0.0,0.0001809909505024552,0.00009697451373562216,0.000060416668467223644,0.00004475654899142682,0.0,0.00033275521206669505,0.0004525477307662367,0.0005858910529967398,0.00017982397784478964,0.0,0.0,0.0,0.0,0.0,0.0,0.0,0.0,0.0,0.0,0.0012878489339072258,0.0011590640405165032,0.0,0.0,0.0,0.0,0.0,0.0
2015-01-01T22:15:00.000+01:00,9.159339953157542e-16,3.2507330161024584e-13,0.1094647180348792,462.56255529037255,0.0,0.0,0.9468103455769866,64.2572432957957,0.9437249363881333,69.99999999999997,10.0,70.0,0.0,0.0013518040110822767,0.001216623609974049,0.0,1.4023034125995174,0.0058673523815438968,0.0,0.0,0.0,0.0,0.0,0.0,0.0,0.0002468716745264828,0.0000885578537452966,0.000060416668467223644,0.00004544510900974273,0.0,0.00033787450611591334,0.00041326998414471745,0.0006674973115324974,0.0002197848835401237,0.0,0.0,0.0,0.0,0.0,0.0,0.0,0.0,0.0,0.0,0.0013518040110822767,0.001216623609974049,0.0,0.0,0.0,0.0,0.0,0.0
2015-01-01T22:30:00.000+01:00,9.992007221626409e-16,3.1530333899354446e-13,0.11080917097287302,461.242552565832,0.0,0.0,0.9461255560026227,64.20867117149928,0.9430652730245033,69.99999999999997,10.0,70.0,0.0,0.001452047669463791,0.0013068429025174119,0.0,1.3952962990897107,0.00630640215882592,0.0,0.0,0.0,0.0,0.0,0.0,0.0,0.0003170961438305676,0.00008236734348814933,0.000060416668467223644,0.00004607629272155463,0.0,0.0003425672197993845,0.00038438093627803023,0.0007467786318249999,0.0002795597333461046,0.0,0.0,0.0,0.0,0.0,0.0,0.0,0.0,0.0,0.0,0.001452047669463791,0.0013068429025174119,0.0,0.0,0.0,0.0,0.0,0.0
2015-01-01T22:45:00.000+01:00,9.853229343548265e-16,3.1796787425264483e-13,0.11226560834747658,459.82190754529668,0.0,0.0,0.9454258892038108,64.1570016283395,0.9423085024487117,69.99999999999996,10.0,70.0,0.0,0.001550017303582281,0.001395015573224053,0.0,1.3878127222977213,0.00673521911279054,0.0,0.0,0.0,0.0,0.0,0.0,0.0,0.00038370080862194295,0.00007273087983950972,0.000060416668467223644,0.000050178974531590936,0.0,0.00037306976716965437,0.0003394107725843787,0.0008225143038108944,0.0003309261008352041,0.0,0.0,0.0,0.0,0.0,0.0,0.0,0.0,0.0,0.0,0.001550017303582281,0.001395015573224053,0.0,0.0,0.0,0.0,0.0,0.0
2015-01-01T23:00:00.000+01:00,9.43689570931383e-16,3.312905505481467e-13,0.11376958719755009,458.32507187151568,0.0,0.0,0.9447321612886864,64.10522718032846,0.9414982515137625,69.99999999999997,10.0,70.0,0.0,0.00155707540507894,0.001401367864571046,0.0,1.3802879662240158,0.006772280466335098,0.0,0.0,0.0,0.0,0.0,0.0,0.0,0.00042544940188527105,0.00006001440881285816,0.000060416668467223644,0.000051756931347772474,0.0,0.0003848015330638737,0.0002800672411266714,0.0008674442817270755,0.00035498588884249325,0.0,0.0,0.0,0.0,0.0,0.0,0.0,0.0,0.0,0.0,0.00155707540507894,0.001401367864571046,0.0,0.0,0.0,0.0,0.0,0.0
2015-01-01T23:15:00.000+01:00,8.326672684688674e-16,3.348432642269472e-13,0.11526389634396978,456.6530710705266,0.0,0.0,0.94406987877829,64.05595749637674,0.9406662248777394,69.99999999999999,10.0,70.0,0.0,0.0014726598060829566,0.0013253938254746609,0.0,1.3731586818254274,0.006416355958729488,0.0,0.0,0.0,0.0,0.0,0.0,0.0,0.0004370931416377425,0.00005400687702465802,0.000060416668467223644,0.0000531197097711265,0.0,0.00039493349438533186,0.00025203209278173744,0.0008890083497017622,0.0002814744904823601,0.0,0.0,0.0,0.0,0.0,0.0,0.0,0.0,0.0,0.0,0.0014726598060829566,0.0013253938254746609,0.0,0.0,0.0,0.0,0.0,0.0
2015-01-01T23:30:00.000+01:00,8.187894806610529e-16,3.2240876635114546e-13,0.11668860355000317,454.845375217948,0.0,0.0,0.9434734593452212,64.01236899146255,0.9398379371047748,69.99999999999997,10.0,70.0,0.0,0.0012960652875946835,0.0011664587588352152,0.0,1.3668652822622849,0.005664059606828524,0.0,0.0,0.0,0.0,0.0,0.0,0.0,0.0004224310960248112,0.00003713495016563683,0.000060416668467223644,0.00005458890976384281,0.0,0.0004058566769398749,0.0001732964341063052,0.0008847463811561465,0.0002027572205942124,0.0,0.0,0.0,0.0,0.0,0.0,0.0,0.0,0.0,0.0,0.0012960652875946835,0.0011664587588352152,0.0,0.0,0.0,0.0,0.0,0.0
2015-01-01T23:45:00.000+01:00,8.743006318923108e-16,3.197442310920451e-13,0.11801930332978096,452.9549715389714,0.0,0.0,0.9429306980168937,63.97539247635127,0.9390499986533245,69.99999999999999,10.0,70.0,0.0,0.0010944513543508948,0.0009850062189158053,0.0,1.3615287184304819,0.004802907448622865,0.0,0.0,0.0,0.0,0.0,0.0,0.0,0.00038376846287399525,0.00002063650716561824,0.000060416668467223644,0.000054362045247107736,0.0,0.0004041699885763228,0.00009630370010621844,0.0008653361102007328,0.00013521065038163215,0.0,0.0,0.0,0.0,0.0,0.0,0.0,0.0,0.0,0.0,0.0010944513543508948,0.0009850062189158053,0.0,0.0,0.0,0.0,0.0,0.0